MERGE_SRC,Shape_Leng,Shape_Area,FID_,MRGID,GEONAME,MRGID_TER1,POL_TYPE,MRGID_SOV1,TERRITORY1,ISO_TER1,SOVEREIGN1,MRGID_TER2,MRGID_SOV2,TERRITORY2,ISO_TER2,SOVEREIGN2,MRGID_TER3,MRGID_SOV3,TERRITORY3,ISO_TER3,SOVEREIGN3,X_1,Y_1,MRGID_EEZ,AREA_KM2,ISO_SOV1,ISO_SOV2,ISO_SOV3,UN_SOV1,UN_SOV2,UN_SOV3,UN_TER1,UN_TER2,UN_TER3,ID,_count,_sum,_mean
"8433",88.51087584770,5.35008909763,"133",8433,Venezuelan Exclusive Economic Zone,2201,200NM,2201,Venezuela,VEN,Venezuela,0,0,,,,0,0,,,,-65.91423,12.78887,8433,472546,VEN,,,"862","0","0","862","0","0","8433",291118,30337220.6229351,104.209360544299
"26517",1.97605301793,0.00235668756,"74",26517,Curaçaoan Exclusive Economic Zone,19143,200NM,15,Curaçao,CUW,Netherlands,0,0,,,,0,0,,,,-68.97176,13.16246,26517,25401,NLD,,,"528","0","0","531","0","0","26517",6149,606654.145112108,98.6589925373408
"26519",2.14655090035,0.01185485191,"61",26519,Aruban Exclusive Economic Zone,8652,200NM,15,Aruba,ABW,Netherlands,0,0,,,,0,0,,,,-69.67341,13.74138,26519,30015,NLD,,,"528","0","0","533","0","0","26519",4254,773284.743718218,181.778266036252
"8412",6.61321715722,0.09407118310,"59",8412,Anguilla Exclusive Economic Zone,8643,200NM,2208,Anguilla,AIA,United Kingdom,0,0,,,,0,0,,,,-62.54329,20.01803,8412,90164,GBR,,,"826","0","0","660","0","0","8412",471,112939.645831108,239.786933824009
"8413",3.53322184754,0.03924037780,"95",8413,Saint Kitts and Nevis Exclusive Economic Zone,8644,200NM,8644,Saint Kitts and Nevis,KNA,Saint Kitts and Nevis,0,0,,,,0,0,,,,-62.90578,16.99022,8413,9502,KNA,,,"659","0","0","659","0","0","8413",1069,208820.979417035,195.342356797975
"8414",8.39527857832,0.24400154553,"60",8414,Antigua and Barbuda Exclusive Economic Zone,8645,200NM,8645,Antigua and Barbuda,ATG,Antigua and Barbuda,0,0,,,,0,0,,,,-60.57064,18.73279,8414,111568,ATG,,,"28","0","0","28","0","0","8414",2859,704466.333016583,246.403054570333
"8415",1.02665485301,0.00642607202,"88",8415,Montserrat Exclusive Economic Zone,8646,200NM,2208,Montserrat,MSR,United Kingdom,0,0,,,,0,0,,,,-62.48384,16.41292,8415,7188,GBR,,,"826","0","0","500","0","0","8415",2626,657357.937047192,250.326708700378
"33177",8.38600833474,0.06017015382,"82",33177,Guadeloupean Exclusive Economic Zone,8654,200NM,17,Guadeloupe,GLP,France,0,0,,,,0,0,,,,-59.85044,16.79880,33177,90705,FRA,,,"250","0","0","312","0","0","33177",3408,722590.935420224,212.02785663739
"48952",3.79693663837,0.07332502942,"93",48952,Saint-Barthélemy Exclusive Economic Zone,19099,200NM,17,Saint-Barthélemy,BLM,France,0,0,,,,0,0,,,,-62.62740,17.93270,48952,4179,FRA,,,"250","0","0","652","0","0","48952",779,182538.354043961,234.323946141156
"8354",63.82641946060,2.07211228542,"166",8354,Omani Exclusive Economic Zone,2251,200NM,2251,Oman,OMN,Oman,0,0,,,,0,0,,,,58.66998,18.94915,8354,556490,OMN,,,"512","0","0","512","0","0","8354",223493,10959478.4487931,49.0372335992319
"8356",165.31586912200,6.31504719840,"167",8356,Saudi Arabian Exclusive Economic Zone,2215,200NM,2215,Saudi Arabia,SAU,Saudi Arabia,0,0,,,,0,0,,,,40.48580,22.45463,8356,224219,SAU,,,"682","0","0","682","0","0","8356",394081,37094764.99624,94.129798179156
"8356",0.00192548648,0.00000001249,"167",8356,Saudi Arabian Exclusive Economic Zone,2215,200NM,2215,Saudi Arabia,SAU,Saudi Arabia,0,0,,,,0,0,,,,40.48580,22.45463,8356,224219,SAU,,,"682","0","0","682","0","0","8356",23817,6408399.18338785,269.068278262915
"8358",10.07135357320,0.61394685739,"182",8358,Bahraini Exclusive Economic Zone,2154,200NM,2154,Bahrain,BHR,Bahrain,0,0,,,,0,0,,,,50.70534,26.33540,8358,7516,BHR,,,"48","0","0","48","0","0","8358",39189,14721227.1951994,375.646921207466
"8360",43.88674847010,4.12456928116,"155",8360,United Arab Emirates Exclusive Economic Zone,2206,200NM,2206,United Arab Emirates,ARE,United Arab Emirates,0,0,,,,0,0,,,,53.89303,24.94396,8360,51674,ARE,,,"784","0","0","784","0","0","8360",112170,18983649.1482877,169.239985274919
"8360",0.00192548648,0.00000001249,"155",8360,United Arab Emirates Exclusive Economic Zone,2206,200NM,2206,United Arab Emirates,ARE,United Arab Emirates,0,0,,,,0,0,,,,53.89303,24.94396,8360,51674,ARE,,,"784","0","0","784","0","0","8360",23817,6408399.18338785,269.068278262915
"8468",19.63885183430,2.35885097229,"183",8468,Qatari Exclusive Economic Zone,2242,200NM,2242,Qatar,QAT,Qatar,0,0,,,,0,0,,,,51.88076,25.86236,8468,31363,QAT,,,"634","0","0","634","0","0","8468",53782,12229523.2422517,227.39063705797
"8469",86.47010987400,4.81595056185,"162",8469,Iranian Exclusive Economic Zone,2126,200NM,2126,Iran,IRN,Iran,0,0,,,,0,0,,,,53.88540,29.78242,8469,215332,IRN,,,"364","0","0","364","0","0","8469",263458,13769331.0701082,52.2638563646129
"48947",5.92651183526,0.16762179947,"157",48947,Overlapping claim: Iran / United Arab Emirates,2206,Overlapping claim,2206,United Arab Emirates,ARE,United Arab Emirates,2126,2126,Iran,IRN,Iran,0,0,,,,55.17180,26.01269,48947,6173,ARE,IRN,,"784","364","0","784","364","0","48947",28410,6531959.10153389,229.917603010697
"50170",0.64420613015,0.01121352695,"242",50170,Overlapping claim Qatar / Saudi Arabia / United Arab Emirates,8468,Overlapping claim,8468,Qatar,QAT,Qatar,2215,2215,Saudi Arabia,SAU,Saudi Arabia,2206,2206,United Arab Emirates,ARE,United Arab Emirates,51.59986,24.69243,50170,126,QAT,SAU,ARE,"634","682","784","634","682","784","50170",23288,7480513.93091759,321.217533962452
"5682",136.84894339600,3.79597346079,"221",5682,Italian Exclusive Economic Zone,2133,200NM,2133,Italy,ITA,Italy,0,0,,,,0,0,,,,12.92786,39.65467,5682,536654,ITA,,,"380","0","0","380","0","0","5682",440390,78291993.2836076,177.778771733254
"5693",52.60035973870,0.86547427968,"276",5693,Spanish Exclusive Economic Zone,2185,200NM,2185,Spain,ESP,Spain,0,0,,,,0,0,,,,-4.15801,41.72201,5693,561763,ESP,,,"724","0","0","724","0","0","5693",208467,41783885.7754412,200.434053233563
"8365",0.36278721559,0.00136875899,"80",8365,Overlapping claim Gibraltarian Exclusive Economic Zone,3344,Overlapping claim,2208,Gibraltar,GIB,United Kingdom,2185,2185,Spain,ESP,Spain,0,0,,,,-5.21961,36.08832,8365,388,GIB,ESP,,"826","724","0","292","724","0","8365",23592,6812793.87518215,288.775596608263
"8366",43.48052138420,3.28456671362,"175",8366,Tunisian Exclusive Economic Zone,2214,200NM,2214,Tunisia,TUN,Tunisia,0,0,,,,0,0,,,,11.05319,36.00133,8366,99701,TUN,,,"788","0","0","788","0","0","8366",126600,17559864.4435773,138.703510612775
"8367",35.60891475190,1.15416234896,"148",8367,Moroccan Exclusive Economic Zone,2221,200NM,2221,Morocco,MAR,Morocco,0,0,,,,0,0,,,,-9.85201,32.78135,8367,280452,MAR,,,"504","0","0","504","0","0","8367",243089,37369856.7244348,153.729114540085
"8372",45.58056509570,1.90942415530,"164",8372,Libyan Exclusive Economic Zone,2194,200NM,2194,Libya,LBY,Libya,0,0,,,,0,0,,,,18.49934,33.14300,8372,364524,LBY,,,"434","0","0","434","0","0","8372",257142,7431742.21214403,28.9013160516136
"8378",11.20780679500,0.06227903701,"266",8378,Algerian Exclusive Economic Zone,2152,200NM,2152,Algeria,DZA,Algeria,0,0,,,,0,0,,,,3.53979,37.20344,8378,131193,DZA,,,"12","0","0","12","0","0","8378",178671,47203840.2459503,264.194190696589
"48997",0.31375939968,0.00171830744,"154",48997,Overlapping claim Chafarinas Islands: Spain / Morocco,5363,Overlapping claim,2185,Chafarinas Islands,,Spain,5363,2221,Chafarinas Islands,,Morocco,0,0,,,,-2.45356,35.16990,48997,26,ESP,MAR,,"724","504","0","0","0","0","48997",23740,3902216.99729061,164.373083289411
"48999",0.06785305266,0.00027620958,"153",48999,Overlapping claim Peñón de Vélez de la Gomera: Spain / Morocco,48996,Overlapping claim,2185,Peñón de Vélez de la Gomera,,Spain,48996,2221,Peñón de Vélez de la Gomera,,Morocco,0,0,,,,-4.30609,35.18525,48999,4,ESP,MAR,,"724","504","0","0","0","0","48999",25056,2580763.99507523,102.999840161048
"49000",0.23631142876,0.00170403317,"149",49000,Overlapping claim Melilla: Spain / Morocco,36288,Overlapping claim,2185,Melilla,,Spain,36288,2221,Melilla,,Morocco,0,0,,,,-2.91697,35.31672,49000,27,ESP,MAR,,"724","504","0","0","0","0","49000",19122,2490595.96661472,130.24767109166
"49001",0.11463474418,0.00082667104,"150",49001,Overlapping claim Alhucemas Islands: Spain / Morocco,48995,Overlapping claim,2185,Alhucemas Islands,,Spain,48995,2221,Alhucemas Islands,,Morocco,0,0,,,,-3.87866,35.23422,49001,14,ESP,MAR,,"724","504","0","0","0","0","49001",22566,2494153.54623032,110.527056023678
"49002",0.30989034945,0.00124116021,"152",49002,Overlapping claim Ceuta: Spain / Morocco,14864,Overlapping claim,2185,Ceuta,,Spain,14864,2221,Ceuta,,Morocco,0,0,,,,-5.30551,35.86909,49002,33,ESP,MAR,,"724","504","0","0","0","0","49002",22546,5936684.37285423,263.314307320777
"5670",8.33970886552,0.19023066016,"177",5670,Albanian Exclusive Economic Zone,2153,200NM,2153,Albania,ALB,Albania,0,0,,,,0,0,,,,19.11300,40.92708,5670,12165,ALB,,,"8","0","0","8","0","0","5670",70424,6448246.58756574,91.5631970289352
"5673",82.56853857850,1.30095637721,"220",5673,Croatian Exclusive Economic Zone,2160,200NM,2160,Croatia,HRV,Croatia,0,0,,,,0,0,,,,15.65218,43.43006,5673,55404,HRV,,,"191","0","0","191","0","0","5673",144162,12903579.5512943,89.5074953961122
"5679",242.56753259800,1.45350575202,"172",5679,Greek Exclusive Economic Zone,2099,200NM,2099,Greece,GRC,Greece,0,0,,,,0,0,,,,23.93245,36.50714,5679,482910,GRC,,,"300","0","0","300","0","0","5679",306805,29297797.1129022,95.4932191877649
"5691",4.04768991555,0.03510264438,"176",5691,Montenegrin Exclusive economic Zone,17831,200NM,17831,Montenegro,MNE,Montenegro,0,0,,,,0,0,,,,18.68015,41.87023,5691,6383,MNE,,,"499","0","0","499","0","0","5691",49469,4241555.78778577,85.7416925303881
"8476",24.45927137750,1.57967505471,"262",8476,Gabonese Exclusive Economic Zone,2104,200NM,2104,Gabon,GAB,Gabon,0,0,,,,0,0,,,,8.73897,-3.06254,8476,201759,GAB,,,"266","0","0","266","0","0","8476",85391,2154181.68960285,25.2272685599519
"8444",4.88028210123,0.00965014228,"0",8444,American Samoa Exclusive Economic Zone,8670,200NM,2204,American Samoa,ASM,United States,0,0,,,,0,0,,,,-169.06347,-13.85484,8444,405830,USA,,,"840","0","0","16","0","0","8444",789,107823.540385246,136.658479575724
"8445",11.09521943960,0.04864155917,"7",8445,Samoan Exclusive Economic Zone,8671,200NM,8671,Samoa,WSM,Samoa,0,0,,,,0,0,,,,-172.75372,-13.29687,8445,130480,WSM,,,"882","0","0","882","0","0","8445",3573,307267.16690731,85.996968068097
"8312",157.60321365500,1.86919822634,"33",8312,New Caledonian Exclusive Economic Zone,2261,200NM,17,New Caledonia,NCL,France,0,0,,,,0,0,,,,163.20377,-21.01871,8312,1175971,FRA,,,"250","0","0","540","0","0","8312",23095,394126.67477262,17.0654546340169
"8314",154.93590043800,1.12944238276,"47",8314,Solomon Islands Exclusive Economic Zone,8593,200NM,8593,Solomon Islands,SLB,Solomon Islands,0,0,,,,0,0,,,,163.68850,-10.05068,8314,1605325,SLB,,,"90","0","0","90","0","0","8314",36837,833144.487644762,22.6170558852448
"8323",901.06488903800,70.45579872590,"53",8323,Australian Exclusive Economic Zone,2147,200NM,2147,Australia,AUS,Australia,0,0,,,,0,0,,,,138.08226,-27.36726,8323,6871622,AUS,,,"36","0","0","36","0","0","8323",1994268,26310146.4107126,13.1928840109316
"8324",354.89105701100,7.72054170717,"259",8324,Papua New Guinean Exclusive Economic Zone,2237,200NM,2237,Papua New Guinea,PNG,Papua New Guinea,0,0,,,,0,0,,,,150.71774,-5.46159,8324,2399638,PNG,,,"598","0","0","598","0","0","8324",393180,6796753.60805222,17.2866209065879
"8492",1649.79441206000,89.63665182970,"263",8492,Indonesian Exclusive Economic Zone,2127,200NM,2127,Indonesia,IDN,Indonesia,0,0,,,,0,0,,,,117.89096,-3.30391,8492,6020917,IDN,,,"360","0","0","360","0","0","8492",1664168,335651249.448701,201.693128006728
"8758",14.98779395010,0.08160683339,"58",8758,East Timorian Exclusive Economic Zone,8757,200NM,8757,East Timor,TLS,East Timor,0,0,,,,0,0,,,,126.85410,-9.78156,8758,75647,TLS,,,"626","0","0","626","0","0","8758",32301,3086920.66193056,95.5673403897886
"21791",0.96246979850,0.00184076506,"39",21791,Oecussi Ambeno Exclusive Economic Zone,26234,200NM,8757,Oecusse,,East Timor,0,0,,,,0,0,,,,124.27075,-9.04989,21791,1826,TLS,,,"626","0","0","0","0","0","21791",20924,2221812.45598698,106.184881284027
"21798",3.81577966924,0.30149839558,"44",21798,Protected Zone established under the Torres Strait Treaty,2237,Joint regime,2237,Papua New Guinea,PNG,Papua New Guinea,2147,2147,Australia,AUS,Australia,0,0,,,,142.41029,-9.50249,21798,3717,PNG,AUS,,"598","36","0","598","36","0","21798",23385,48264.8073689938,2.06392163219986
"5673",0.61294811693,0.01132139302,"220",5673,Croatian Exclusive Economic Zone,2160,200NM,2160,Croatia,HRV,Croatia,0,0,,,,0,0,,,,15.65218,43.43006,5673,55404,HRV,,,"191","0","0","191","0","0","5673",36162,6446007.42291771,178.253620455664
"5692",0.91554828875,0.02268386732,"236",5692,Slovenian Exclusive Economic Zone,2188,200NM,2188,Slovenia,SVN,Slovenia,0,0,,,,0,0,,,,13.57896,45.56287,5692,214,SVN,,,"705","0","0","705","0","0","5692",40224,6625158.53052209,164.706606267952
"50167",0.61294811693,0.01132139302,"239",50167,Joint regime area Croatia / Slovenia,2160,Joint regime,2160,Croatia,HRV,Croatia,2188,2188,Slovenia,SVN,Slovenia,0,0,,,,13.30933,45.49770,50167,98,HRV,SVN,,"191","705","0","191","705","0","50167",36162,6446007.42291771,178.253620455664
"8495",1.43409494381,0.03413227789,"97",8495,Saint-Martin Exclusive Economic Zone,8688,200NM,17,Collectivity of Saint Martin,MAF,France,0,0,,,,0,0,,,,-63.20282,18.03469,8495,1100,FRA,,,"250","0","0","663","0","0","8495",317,78753.5093612671,248.433783474029
"21803",0.63682908732,0.00932732292,"100",21803,Sint-Maarten Exclusive Economic Zone,21802,200NM,15,Sint-Maarten,SXM,Netherlands,0,0,,,,0,0,,,,-63.12285,17.93813,21803,466,NLD,,,"528","0","0","534","0","0","21803",317,78753.5093612671,248.433783474029
"26518",4.15212066748,0.14275624618,"92",26518,Saba Exclusive Economic Zone,19095,200NM,15,Saba,BES,Netherlands,0,0,,,,0,0,,,,-63.60185,17.37739,26518,9487,NLD,,,"528","0","0","535","0","0","26518",490,117709.176185608,240.222808542057
"26526",1.15140960237,0.00656027829,"94",26526,Sint-Eustatius Exclusive Economic Zone,26525,200NM,15,Sint-Eustatius,BES,Netherlands,0,0,,,,0,0,,,,-63.12987,17.33890,26526,2176,NLD,,,"528","0","0","535","0","0","26526",317,78753.5093612671,248.433783474029
"8418",2.04196728637,0.00775680029,"64",8418,Barbados Exclusive Economic Zone,8649,200NM,8649,Barbados,BRB,Barbados,0,0,,,,0,0,,,,-57.99356,13.32288,8418,185007,BRB,,,"52","0","0","52","0","0","8418",529,345346.288574219,652.82852282461
"8402",4.88468305942,0.08296935673,"279",8402,Bermudian Exclusive Economic Zone,8636,200NM,2208,Bermuda,BMU,United Kingdom,0,0,,,,0,0,,,,-64.80693,32.36899,8402,464389,GBR,,,"826","0","0","60","0","0","8402",29,29879.1502685547,1030.31552650189
"8404",186.34354621500,9.36087951034,"63",8404,Bahamas Exclusive Economic Zone,2144,200NM,2144,Bahamas,BHS,Bahamas,0,0,,,,0,0,,,,-75.57785,25.11716,8404,619785,BHS,,,"44","0","0","44","0","0","8404",40934,5304451.50369362,129.585466939308
"8405",17.27618336380,0.16572969344,"102",8405,Turks and Caicos Exclusive Economic Zone,2211,200NM,2208,Turks and Caicos Islands,TCA,United Kingdom,0,0,,,,0,0,,,,-70.85361,22.80987,8405,91025,GBR,,,"826","0","0","796","0","0","8405",1299,9768.13577494025,7.51973500765223
"8406",139.39336603100,4.12195773723,"107",8406,Cuban Exclusive Economic Zone,8637,200NM,8637,Cuba,CUB,Cuba,0,0,,,,0,0,,,,-81.53050,21.60004,8406,352259,CUB,,,"192","0","0","192","0","0","8406",136836,14184792.5937827,103.662724676129
"8408",31.57380974830,0.26033211384,"108",8408,Haitian Exclusive Economic Zone,8639,200NM,8639,Haiti,HTI,Haiti,0,0,,,,0,0,,,,-73.54856,17.91219,8408,103485,HTI,,,"332","0","0","332","0","0","8408",55601,19535849.4724019,351.357879757592
"8456",328.73734540500,37.49637866520,"280",8456,United States Exclusive Economic Zone,2204,200NM,2204,United States,USA,United States,0,0,,,,0,0,,,,-95.82290,34.76294,8456,2451023,USA,,,"840","0","0","840","0","0","8456",776872,134539542.620185,173.181093693922
"8480",196.24575408900,16.39227797580,"233",8480,Indian Exclusive Economic Zone,2128,200NM,2128,India,IND,India,0,0,,,,0,0,,,,76.08532,14.59800,8480,1659487,IND,,,"356","0","0","356","0","0","8480",692887,397145399.217267,573.174845562505
"8481",35.27220332090,2.93273895537,"188",8481,Bangladeshi Exclusive Economic Zone,2142,200NM,2142,Bangladesh,BGD,Bangladesh,0,0,,,,0,0,,,,90.56153,20.47561,8481,112166,BGD,,,"50","0","0","50","0","0","8481",96633,78738400.4243164,814.818958578502
"8482",161.67779446200,10.13215443520,"231",8482,Myanmar Exclusive Economic Zone,2219,200NM,2219,Myanmar,MMR,Myanmar,0,0,,,,0,0,,,,94.65552,14.99651,8482,497460,MMR,,,"104","0","0","104","0","0","8482",245635,30971885.3876624,126.089056476733
"8427",48.58790719020,3.40916927780,"134",8427,Honduran Exclusive Economic Zone,2103,200NM,2103,Honduras,HND,Honduras,0,0,,,,0,0,,,,-83.84845,16.91154,8427,208636,HND,,,"340","0","0","340","0","0","8427",146083,11724500.960347,80.2591743073939
"8429",336.25948581800,17.33770304850,"65",8429,Mexican Exclusive Economic Zone,2224,200NM,2224,Mexico,MEX,Mexico,0,0,,,,0,0,,,,-105.33346,21.35018,8429,3187013,MEX,,,"484","0","0","484","0","0","8429",938076,49671526.8354494,52.9504292141036
"8430",10.50457006760,0.46679609631,"77",8430,Guatemalan Exclusive Economic Zone,2097,200NM,2097,Guatemala,GTM,Guatemala,0,0,,,,0,0,,,,-92.09080,12.55243,8430,110695,GTM,,,"320","0","0","320","0","0","8430",93171,22865562.852342,245.415020256754
"8457",28.10672528870,0.69516234450,"106",8457,Belizean Exclusive Economic Zone,8681,200NM,8681,Belize,BLZ,Belize,0,0,,,,0,0,,,,-87.59320,17.18774,8457,34312,BLZ,,,"84","0","0","84","0","0","8457",79027,5043946.3615442,63.8256084824706
"22491",0.32624413402,0.00042476891,"193",22491,Bosnian and Herzegovinian Exclusive Economic Zone,2136,200NM,2136,Bosnia and Herzegovina,BIH,Bosnia and Herzegovina,0,0,,,,0,0,,,,17.59256,42.91656,22491,13,BIH,,,"70","0","0","70","0","0","22491",27742,1161893.09846258,41.8820956838938
"8331",16.95696311020,1.56694103732,"208",8331,Cambodian Exclusive Economic Zone,2171,200NM,2171,Cambodia,KHM,Cambodia,0,0,,,,0,0,,,,102.54228,10.22543,8331,48697,KHM,,,"116","0","0","116","0","0","8331",46569,6343342.10503317,136.213835492134
"8332",97.10199212970,11.26294242950,"201",8332,Thailand Exclusive Economic Zone,2207,200NM,2207,Thailand,THA,Thailand,0,0,,,,0,0,,,,99.62868,9.16617,8332,298683,THA,,,"764","0","0","764","0","0","8332",217094,55275351.7310692,254.614829203337
"8333",60.85916958980,1.14572491160,"226",8333,Indian Exclusive Economic Zone (Andaman and Nicobar Islands),8605,200NM,2128,Andaman and Nicobar,,India,0,0,,,,0,0,,,,92.18967,9.97738,8333,664448,IND,,,"356","0","0","0","0","0","8333",7885,342172.020178795,43.3953101051103
"8392",1.69321403345,0.07112100727,"171",8392,Togolese Exclusive Economic Zone,8632,200NM,8632,Togo,TGO,Togo,0,0,,,,0,0,,,,1.82135,4.63949,8392,15447,TGO,,,"768","0","0","768","0","0","8392",26108,11908014.5802879,456.105966764514
"8393",4.56990009837,0.13415145126,"235",8393,Beninese Exclusive Economic Zone,2139,200NM,2139,Benin,BEN,Benin,0,0,,,,0,0,,,,2.42123,4.84155,8393,35493,BEN,,,"204","0","0","204","0","0","8393",33267,32750269.4730225,984.467173866669
"8400",20.08747151660,0.98642879727,"267",8400,Ghanaian Exclusive Economic Zone,2100,200NM,2100,Ghana,GHA,Ghana,0,0,,,,0,0,,,,-0.85027,3.50201,8400,227500,GHA,,,"288","0","0","288","0","0","8400",82698,26082034.0993099,315.388934427797
"8474",20.74669839150,2.03651118282,"189",8474,Nigerian Exclusive Economic Zone,2253,200NM,2253,Nigeria,NGA,Nigeria,0,0,,,,0,0,,,,4.82275,4.08512,8474,179048,NGA,,,"566","0","0","566","0","0","8474",114592,66574989.7567806,580.974149650766
"8313",49.54846374210,0.19316609929,"37",8313,Vanuatu Exclusive Economic Zone,2202,200NM,2202,Vanuatu,VUT,Vanuatu,0,0,,,,0,0,,,,168.56883,-16.59488,8313,623424,VUT,,,"548","0","0","548","0","0","8313",13834,327324.601565882,23.6608791069742
"8464",318.19865915400,31.06936960270,"250",8464,Brazilian Exclusive Economic Zone,2143,200NM,2143,Brazil,BRA,Brazil,0,0,,,,0,0,,,,-39.44423,-11.09799,8464,3205183,BRA,,,"76","0","0","76","0","0","8464",819856,124537922.13144,151.902190301029
"5697",100.68427121200,1.03344236261,"173",5697,Turkish Exclusive Economic Zone,2213,200NM,2213,Turkey,TUR,Turkey,0,0,,,,0,0,,,,33.22060,40.52224,5697,262233,TUR,,,"792","0","0","792","0","0","5697",343515,75363436.1823647,219.389069421611
"8483",131.51621605200,12.75680768640,"237",8483,Malaysian Exclusive Economic Zone,2230,200NM,2230,Malaysia,MYS,Malaysia,0,0,,,,0,0,,,,109.11830,5.17569,8483,510804,MYS,,,"458","0","0","458","0","0","8483",391584,55195691.9609611,140.954921449705
"26521",4.39943022331,0.35650476996,"205",26521,Bruneian Exclusive Economic Zone,2145,200NM,2145,Brunei,BRN,Brunei,0,0,,,,0,0,,,,113.38744,6.05934,26521,43144,BRN,,,"96","0","0","96","0","0","26521",33879,1504007.54124361,44.3935045675376
"8484",104.64258015100,20.60013928540,"203",8484,Vietnamese Exclusive Economic Zone,2200,200NM,2200,Vietnam,VNM,Vietnam,0,0,,,,0,0,,,,108.75813,11.61103,8484,750958,VNM,,,"704","0","0","704","0","0","8484",280422,101508845.168677,361.986025235811
"8346",43.18054410450,1.91544317675,"168",8346,Sri Lankan Exclusive Economic Zone,2195,200NM,2195,Sri Lanka,LKA,Sri Lanka,0,0,,,,0,0,,,,81.63607,6.54638,8346,533559,LKA,,,"144","0","0","144","0","0","8346",92960,33229538.2901644,357.460609833954
"8321",40.96559590080,1.99639876122,"206",8321,Taiwanese Exclusive Economic Zone,2177,200NM,2177,Taiwan,TWN,Taiwan,0,0,,,,0,0,,,,118.71458,21.42076,8321,355433,TWN,,,"158","0","0","158","0","0","8321",48257,35945683.4901836,744.880193343631
"8322",590.43127439000,9.66090942840,"198",8322,Philippines Exclusive Economic Zone,2245,200NM,2245,Philippines,PHL,Philippines,0,0,,,,0,0,,,,122.15314,12.24500,8322,1971033,PHL,,,"608","0","0","608","0","0","8322",378443,131384319.237997,347.17069476248
"8327",101.90701615600,2.78553402593,"240",8327,South Korean Exclusive Economic Zone,8600,200NM,8600,South Korea,KOR,South Korea,0,0,,,,0,0,,,,127.57712,35.74071,8327,347671,KOR,,,"410","0","0","410","0","0","8327",74211,28012204.3857231,377.467011436621
"8486",248.17246573500,23.92878952140,"209",8486,Chinese Exclusive Economic Zone,8603,200NM,8603,China,CHN,China,0,0,,,,0,0,,,,118.14570,27.73853,8486,963556,CHN,,,"156","0","0","156","0","0","8486",409078,377144563.983283,921.938026447971
"8487",275.74341625400,4.02760917522,"224",8487,Japanese Exclusive Economic Zone,2121,200NM,2121,Japan,JPN,Japan,0,0,,,,0,0,,,,138.44863,29.55656,8487,4066513,JPN,,,"392","0","0","392","0","0","8487",277685,161089725.366249,580.116770319783
"21787",0.68197540224,0.00131834891,"18",21787,Chilean Exclusive Economic Zone (Easter Island),15120,200NM,2165,Easter Island,,Chile,0,0,,,,0,0,,,,-107.43869,-26.82400,21787,729763,CHL,,,"152","0","0","0","0","0","21787",233,9229.0386428833,39.6096079093704
"8407",4.19193142330,0.01624143595,"70",8407,Cayman Islands Exclusive Economic Zone,8638,200NM,2208,Cayman Islands,CYM,United Kingdom,0,0,,,,0,0,,,,-81.13914,19.15345,8407,118291,GBR,,,"826","0","0","136","0","0","8407",227,81136.1243209839,357.427860444863
"8308",1.62991902326,0.00748112135,"24",8308,Cocos Islands Exclusive Economic Zone,8589,200NM,2147,Cocos Islands,CCK,Australia,0,0,,,,0,0,,,,96.85434,-12.03146,8308,467440,AUS,,,"36","0","0","166","0","0","8308",12,279.399938583374,23.2833282152812
"8398",13.88895439240,0.34810324738,"257",8398,Equatorial Guinean Exclusive Economic Zone,2112,200NM,2112,Equatorial Guinea,GNQ,Equatorial Guinea,0,0,,,,0,0,,,,5.43745,-1.37183,8398,304133,GNQ,,,"226","0","0","226","0","0","8398",54976,9109674.14708567,165.702745690586
"8475",10.25847631840,0.70372298290,"190",8475,Cameroonian Exclusive Economic Zone,2170,200NM,2170,Cameroon,CMR,Cameroon,0,0,,,,0,0,,,,9.31089,3.46278,8475,15143,CMR,,,"120","0","0","120","0","0","8475",60240,15614385.8753424,259.202952777928
"8334",10.06488212660,0.05196647081,"25",8334,Comoran Exclusive Economic Zone,2163,200NM,2163,Comores,COM,Comores,0,0,,,,0,0,,,,43.45423,-11.42314,8334,164476,COM,,,"174","0","0","174","0","0","8334",2424,1338610.22293091,552.231940153015
"48944",10.22220104550,0.08755799467,"27",48944,Overlapping claim Mayotte: France / Comoros,8606,Overlapping claim,17,Mayotte,MYT,France,8606,2163,Mayotte,MYT,Comores,0,0,,,,45.30656,-13.21698,48944,66738,FRA,COM,,"250","174","0","175","175","0","48944",1003,397402.793731689,396.214151277856
"8423",75.57348330040,1.90031096153,"72",8423,Panamanian Exclusive Economic Zone,2249,200NM,2249,Panama,PAN,Panama,0,0,,,,0,0,,,,-80.34583,8.28880,8423,331318,PAN,,,"591","0","0","591","0","0","8423",116986,5788550.97300339,49.4807154104199
"8424",30.29681638050,0.45069812807,"73",8424,Costa Rican Exclusive Economic Zone,2162,200NM,2162,Costa Rica,CRI,Costa Rica,0,0,,,,0,0,,,,-86.50737,6.73691,8424,581726,CRI,,,"188","0","0","188","0","0","8424",98038,7246629.79838109,73.9165405085894
"8425",38.86753357340,4.85053984832,"116",8425,Nicaraguan Exclusive Economic Zone,2255,200NM,2255,Nicaragua,NIC,Nicaragua,0,0,,,,0,0,,,,-83.49562,12.81975,8425,213813,NIC,,,"558","0","0","558","0","0","8425",135006,8850035.92840719,65.5529082293172
"8426",66.66954058690,2.02373500962,"143",8426,Colombian Exclusive Economic Zone,2175,200NM,2175,Colombia,COL,Colombia,0,0,,,,0,0,,,,-78.06222,8.60754,8426,718338,COL,,,"170","0","0","170","0","0","8426",247476,23268156.0893773,94.0218691484317
"8431",14.98854013740,0.57132307238,"254",8431,Ecuadorian Exclusive Economic Zone,2166,200NM,2166,Ecuador,ECU,Ecuador,0,0,,,,0,0,,,,-82.20864,-0.96556,8431,236293,ECU,,,"218","0","0","218","0","0","8431",74161,8004971.20213848,107.94044311887
"8431",0.01304317259,0.00000811147,"254",8431,Ecuadorian Exclusive Economic Zone,2166,200NM,2166,Ecuador,ECU,Ecuador,0,0,,,,0,0,,,,-82.20864,-0.96556,8431,236293,ECU,,,"218","0","0","218","0","0","8431",6415,474943.219724178,74.0363553739951
"26520",1.68125392434,0.00446752932,"66",26520,Bonaire Exclusive Economic Zone,15074,200NM,15,Bonaire,BES,Netherlands,0,0,,,,0,0,,,,-68.36978,12.71120,26520,13005,NLD,,,"528","0","0","535","0","0","26520",1572,269479.334459737,171.4245130151
"48974",0.01304317259,0.00000811147,"135",48974,Joint regime area Ecuador / Colombia,2166,Joint regime,2166,Ecuador,ECU,Ecuador,2175,2175,Colombia,COL,Colombia,0,0,,,,-81.43712,1.46058,48974,18663,ECU,COL,,"218","170","0","218","170","0","48974",6415,474943.219724178,74.0363553739951
"48980",5.09947097918,0.01113982607,"196",48980,Northern Mariana Exclusive Economic Zone,8598,200NM,2204,Northern Mariana Islands,MNP,United States,0,0,,,,0,0,,,,145.73933,18.28660,48980,763626,USA,,,"840","0","0","580","0","0","48980",793,248147.031678013,312.921855836081
"8424",0.00885231476,0.00000049417,"73",8424,Costa Rican Exclusive Economic Zone,2162,200NM,2162,Costa Rica,CRI,Costa Rica,0,0,,,,0,0,,,,-86.50737,6.73691,8424,581726,CRI,,,"188","0","0","188","0","0","8424",22596,948774.854045391,41.988619846229
"8425",0.00885231476,0.00000049417,"116",8425,Nicaraguan Exclusive Economic Zone,2255,200NM,2255,Nicaragua,NIC,Nicaragua,0,0,,,,0,0,,,,-83.49562,12.81975,8425,213813,NIC,,,"558","0","0","558","0","0","8425",22596,948774.854045391,41.988619846229
"8362",20.89411544950,0.14357369004,"68",8362,Cape Verdean Exclusive Economic Zone,2168,200NM,2168,Cape Verde,CPV,Cape Verde,0,0,,,,0,0,,,,-24.17164,16.09190,8362,801936,CPV,,,"132","0","0","132","0","0","8362",4690,627767.688337326,133.852385572991
"8446",10.42357200950,0.03305246661,"2",8446,Cook Islands Exclusive Economic Zone,8672,200NM,2227,Cook Islands,COK,New Zealand,0,0,,,,0,0,,,,-161.30341,-15.01891,8446,1969553,NZL,,,"554","0","0","184","0","0","8446",151,17665.8576006889,116.992434441649
"8376",13.78237484660,0.09571475821,"156",8376,Cypriote Exclusive Economic Zone,2159,200NM,2159,Cyprus,CYP,Cyprus,0,0,,,,0,0,,,,32.63526,34.48929,8376,98450,CYP,,,"196","0","0","196","0","0","8376",17546,2080143.40054073,118.553710278167
"8350",69.21211607660,1.82411306096,"260",8350,Somali Exclusive Economic Zone,2187,200NM,2187,Federal Republic of Somalia,SOM,Federal Republic of Somalia,0,0,,,,0,0,,,,48.71860,5.38252,8350,781843,SOM,,,"706","0","0","706","0","0","8350",399750,9006980.89007413,22.5315344342067
"8351",100.24967414500,3.38103906491,"160",8351,Eritrean Exclusive Economic Zone,2111,200NM,2111,Eritrea,ERI,Eritrea,0,0,,,,0,0,,,,40.59255,15.82346,8351,78110,ERI,,,"232","0","0","232","0","0","8351",134313,6317397.45744324,47.0348920614031
"8352",7.10041955118,0.10697082047,"187",8352,Djiboutian Exclusive Economic Zone,2131,200NM,2131,Djibouti,DJI,Djibouti,0,0,,,,0,0,,,,43.43296,11.99710,8352,7223,DJI,,,"262","0","0","262","0","0","8352",59796,2368460.51391363,39.6090125412006
"8353",80.98440970460,2.15398031890,"184",8353,Yemeni Exclusive Economic Zone,2199,200NM,2199,Yemen,YEM,Yemen,0,0,,,,0,0,,,,52.06161,12.88906,8353,527384,YEM,,,"887","0","0","887","0","0","8353",232294,22890376.8905403,98.5405429780379
"48956",0.44789509171,0.00604665898,"158",48956,Overlapping claim Doumeira Islands: Djibouti / Eritrea,48934,Overlapping claim,2111,Doumeira Islands,,Eritrea,48934,2131,Doumeira Islands,,Djibouti,0,0,,,,43.22221,12.75889,48956,245,ERI,DJI,,"232","262","0","0","0","0","48956",25448,1080157.57942343,42.445676651345
"8417",2.32455563001,0.00783956220,"75",8417,Dominican Exclusive Economic Zone,8648,200NM,8648,Dominica,DMA,Dominica,0,0,,,,0,0,,,,-60.72114,15.49739,8417,28552,DMA,,,"212","0","0","212","0","0","8417",4214,1116524.54757881,264.955991357098
"33178",5.51811433255,0.04633699072,"109",33178,Martinican Exclusive Economic Zone,8655,200NM,17,Martinique,MTQ,France,0,0,,,,0,0,,,,-60.20055,14.97512,33178,47787,FRA,,,"250","0","0","474","0","0","33178",2998,826391.752699256,275.647682688211
"8409",39.88964402900,0.59081681081,"76",8409,Dominican Republic Exclusive Economic Zone,8640,200NM,8640,Dominican Republic,DOM,Dominican Republic,0,0,,,,0,0,,,,-69.67224,19.13826,8409,350694,DOM,,,"214","0","0","214","0","0","8409",78957,26698527.7040955,338.140097826608
"33179",20.11353408770,0.34837937901,"91",33179,Puerto Rican Exclusive Economic Zone,8641,200NM,2204,Puerto Rico,PRI,United States,0,0,,,,0,0,,,,-66.78687,17.79821,33179,154661,USA,,,"840","0","0","630","0","0","33179",15443,5518209.56395997,357.327563553711
"8403",21.78317229640,0.08564240999,"253",8403,Ecuadorian Exclusive Economic Zone (Galapagos),5660,200NM,2166,Galapagos,,Ecuador,0,0,,,,0,0,,,,-90.83174,-0.04184,8403,841438,ECU,,,"218","0","0","0","0","0","8403",8746,45977.4954221323,5.2569740935436
"8355",29.64372680270,0.80100811848,"169",8355,Sudanese Exclusive Economic Zone,2183,200NM,2183,Sudan,SDN,Sudan,0,0,,,,0,0,,,,38.14367,19.74792,8355,62826,SDN,,,"729","0","0","729","0","0","8355",81678,2120666.28933544,25.9637391872407
"8375",4.33411037669,0.14391729452,"185",8375,Israeli Exclusive Economic Zone,2123,200NM,2123,Israel,ISR,Israel,0,0,,,,0,0,,,,34.08805,32.57437,8375,24628,ISR,,,"376","0","0","376","0","0","8375",97721,34504738.6204714,353.094407757508
"8490",74.69708631780,2.61305401881,"159",8490,Egyptian Exclusive Economic Zone,3868,200NM,3868,Egypt,EGY,Egypt,0,0,,,,0,0,,,,31.15030,30.45123,8490,243342,EGY,,,"818","0","0","818","0","0","8490",367915,62509352.4296359,169.901614312099
"8491",0.37913494265,0.00038957129,"186",8491,Jordanian Exclusive Economic Zone,2120,200NM,2120,Jordan,JOR,Jordan,0,0,,,,0,0,,,,34.94683,29.43517,8491,97,JOR,,,"400","0","0","400","0","0","8491",44253,445630.509934321,10.0700632710623
"26582",9.31722005610,0.34983020530,"234",26582,Overlapping claim: Sudan / Egypt,2183,Overlapping claim,2183,Sudan,SDN,Sudan,3868,3868,Egypt,EGY,Egypt,0,0,,,,36.87917,22.61164,26582,19734,SDN,EGY,,"729","818","0","729","818","0","26582",44062,68834.3394447289,1.56221550190025
"48953",0.88495730318,0.03512290895,"179",48953,Palestinian Exclusive Economic Zone,15525,200NM,15525,Palestine,PSE,Palestine,2123,2123,Israel,ISR,Israel,0,0,,,,34.23444,31.56915,48953,1120,PSE,ISR,,"275","376","0","275","376","0","48953",30929,15105450.8126401,488.391180207576
"8397",6.58956761294,0.05273527795,"255",8397,Sao Tome and Principe Exclusive Economic Zone,2238,200NM,2238,Sao Tome and Principe,STP,Sao Tome and Principe,0,0,,,,0,0,,,,6.35335,0.77910,8397,130844,STP,,,"678","0","0","678","0","0","8397",1249,306206.152658463,245.161050967544
"8428",9.45658767613,0.42211644887,"105",8428,El Salvador Exclusive Economic Zone,2135,200NM,2135,El Salvador,SLV,El Salvador,0,0,,,,0,0,,,,-89.74411,11.84859,8428,95099,SLV,,,"222","0","0","222","0","0","8428",60147,12417009.3543346,206.444367205922
"8339",2.52601963584,0.04437555981,"55",8339,Juan de Nova Exclusive Economic Zone,8610,200NM,17,Juan de Nova Island,ATF,France,0,0,,,,0,0,,,,42.09428,-17.30663,8339,62775,FRA,,,"250","0","0","260","0","0","8339",1599,22561.8676738739,14.1099860374446
"8343",23.76459811880,0.28972857340,"35",8343,Mauritian Exclusive Economic Zone,8614,200NM,8614,Republic of Mauritius,MUS,Republic of Mauritius,0,0,,,,0,0,,,,60.11720,-16.81021,8343,1278182,MUS,,,"480","0","0","480","0","0","8343",2534,1677165.23672998,661.864734305438
"8347",75.63639989740,5.25356119093,"42",8347,Mozambican Exclusive Economic Zone,2220,200NM,2220,Mozambique,MOZ,Mozambique,0,0,,,,0,0,,,,37.95740,-20.37062,8347,566292,MOZ,,,"508","0","0","508","0","0","8347",311033,20104424.3213191,64.6375925426533
"8348",149.70276145600,7.46492216587,"31",8348,Madagascan Exclusive Economic Zone,7963,200NM,7963,Madagascar,MDG,Madagascar,0,0,,,,0,0,,,,47.25395,-20.91335,8348,1196285,MDG,,,"450","0","0","450","0","0","8348",425178,18979486.4193141,44.6389192745489
"8440",177.42023878200,0.93265208987,"4",8440,French Polynesian Exclusive Economic Zone,8656,200NM,17,French Polynesia,PYF,France,0,0,,,,0,0,,,,-144.00327,-18.73634,8440,4766689,FRA,,,"250","0","0","258","0","0","8440",2367,306104.737822533,129.321815725616
"8447",0.34386926234,0.00018302226,"11",8447,Niue Exclusive Economic Zone,8673,200NM,2227,Niue,NIU,New Zealand,0,0,,,,0,0,,,,-169.33138,-19.52315,8447,318140,NZL,,,"554","0","0","570","0","0","8447",296,1650.47675228119,5.57593497392294
"8448",24.30454504180,0.35068517512,"8",8448,Tongan Exclusive Economic Zone,8674,200NM,8674,Tonga,TON,Tonga,0,0,,,,0,0,,,,-174.76586,-20.22175,8448,666052,TON,,,"776","0","0","776","0","0","8448",516,110773.119285583,214.676587762759
"8316",89.88956725640,0.81691653100,"256",8316,Micronesian Exclusive Economic Zone,8595,200NM,8595,Micronesia,FSM,Micronesia,0,0,,,,0,0,,,,150.32203,6.76930,8316,3010644,FSM,,,"583","0","0","583","0","0","8316",599,63206.0774774551,105.519328009107
"8441",7.87842083336,0.03294226382,"251",8441,Kiribati Exclusive Economic Zone (Line Islands),8657,200NM,2116,Line Group,KIR,Kiribati,0,0,,,,0,0,,,,-154.72634,-3.82154,8441,1641193,KIR,,,"296","0","0","296","0","0","8441",430,1765.87181202322,4.10667863261215
"8451",0.14876120541,0.00012443541,"248",8451,Howland and Baker Islands Exclusive Economic Zone,48684,200NM,2204,Howland and Baker islands,UMI,United States,0,0,,,,0,0,,,,-176.72727,0.79130,8451,434894,USA,,,"840","0","0","581","0","0","8451",0,0,
"5677",33.13689426000,0.48310397529,"265",5677,French Exclusive Economic Zone,17,200NM,17,France,FRA,France,0,0,,,,0,0,,,,-1.96613,46.04212,5677,345240,FRA,,,"250","0","0","250","0","0","5677",135521,17905986.5409701,132.12702489629
"5677",0.03690427535,0.00007529634,"265",5677,French Exclusive Economic Zone,17,200NM,17,France,FRA,France,0,0,,,,0,0,,,,-1.96613,46.04212,5677,345240,FRA,,,"250","0","0","250","0","0","5677",18199,950888.58544906,52.2494964255761
"5682",0.04860750889,0.00006917536,"221",5682,Italian Exclusive Economic Zone,2133,200NM,2133,Italy,ITA,Italy,0,0,,,,0,0,,,,12.92786,39.65467,5682,536654,ITA,,,"380","0","0","380","0","0","5682",18894,990186.321413401,52.4074479418546
"21790",0.11416691844,0.00014238546,"174",21790,Monégasque Exclusive Economic Zone,2222,200NM,2222,Monaco,MCO,Monaco,0,0,,,,0,0,,,,7.58768,43.34802,21790,288,MCO,,,"492","0","0","492","0","0","21790",26705,3328562.03484249,124.641903570211
"48976",0.04860750889,0.00006917536,"192",48976,Joint regime area Italy / France,17,Joint regime,17,France,FRA,France,2133,2133,Italy,ITA,Italy,0,0,,,,9.04886,41.30715,48976,67,FRA,ITA,,"250","380","0","250","380","0","48976",18894,990186.321413401,52.4074479418546
"48976",0.03690427535,0.00007529634,"192",48976,Joint regime area Italy / France,17,Joint regime,17,France,FRA,France,2133,2133,Italy,ITA,Italy,0,0,,,,9.04886,41.30715,48976,67,FRA,ITA,,"250","380","0","250","380","0","48976",18199,950888.58544906,52.2494964255761
"8370",2.79381412540,0.29002116340,"79",8370,Gambian Exclusive Economic Zone,2113,200NM,2113,Gambia,GMB,Gambia,0,0,,,,0,0,,,,-18.38751,13.32867,8370,23097,GMB,,,"270","0","0","270","0","0","8370",28011,5618541.74560165,200.583404576832
"8371",12.38143965370,1.17158803316,"124",8371,Senegalese Exclusive Economic Zone,2225,200NM,2225,Senegal,SEN,Senegal,0,0,,,,0,0,,,,-18.50357,13.69463,8371,158358,SEN,,,"686","0","0","686","0","0","8371",66238,15834961.8781381,239.061594222924
"8371",1.01185535145,0.05052439600,"124",8371,Senegalese Exclusive Economic Zone,2225,200NM,2225,Senegal,SEN,Senegal,0,0,,,,0,0,,,,-18.50357,13.69463,8371,158358,SEN,,,"686","0","0","686","0","0","8371",9085,785897.881562233,86.5049952187378
"8471",20.44475164190,2.33317820865,"125",8471,Guinea Bissau Exclusive Economic Zone,8685,200NM,8685,Guinea-Bissau,GNB,Guinea-Bissau,0,0,,,,0,0,,,,-17.56720,10.58066,8471,106870,GNB,,,"624","0","0","624","0","0","8471",41251,3091553.74956942,74.9449407182715
"8471",0.98804793958,0.04624531893,"125",8471,Guinea Bissau Exclusive Economic Zone,8685,200NM,8685,Guinea-Bissau,GNB,Guinea-Bissau,0,0,,,,0,0,,,,-17.56720,10.58066,8471,106870,GNB,,,"624","0","0","624","0","0","8471",8882,697926.541164398,78.5776335469937
"48964",1.01185535145,0.05052439600,"110",48964,Joint regime area Senegal / Guinea Bissau,2225,Joint regime,2225,Senegal,SEN,Senegal,8685,8685,Guinea-Bissau,GNB,Guinea-Bissau,0,0,,,,-18.77443,11.26100,48964,63460,SEN,GNB,,"686","624","0","686","624","0","48964",9085,785897.881562233,86.5049952187378
"48964",0.98804793958,0.04624531893,"110",48964,Joint regime area Senegal / Guinea Bissau,2225,Joint regime,2225,Senegal,SEN,Senegal,8685,8685,Guinea-Bissau,GNB,Guinea-Bissau,0,0,,,,-18.77443,11.26100,48964,63460,SEN,GNB,,"686","624","0","686","624","0","48964",8882,697926.541164398,78.5776335469937
"8473",15.75727025900,0.43102140316,"127",8473,Ivory Coast Exclusive Economic Zone,2161,200NM,2161,Ivory Coast,CIV,Ivory Coast,0,0,,,,0,0,,,,-5.45221,3.30891,8473,171760,CIV,,,"384","0","0","384","0","0","8473",75472,11898330.2117927,157.652244697275
"8419",5.92006790696,0.11168261612,"81",8419,Grenadian Exclusive Economic Zone,8650,200NM,8650,Grenada,GRD,Grenada,0,0,,,,0,0,,,,-62.05881,12.24388,8419,25571,GRD,,,"308","0","0","308","0","0","8419",803,231221.963676453,287.947650904673
"8421",6.01893244454,0.12059852453,"99",8421,Saint Vincent and the Grenadines Exclusive Economic Zone,8651,200NM,8651,Saint Vincent and the Grenadines,VCT,Saint Vincent and the Grenadines,0,0,,,,0,0,,,,-61.69442,13.15805,8421,36244,VCT,,,"670","0","0","670","0","0","8421",1559,449105.449238181,288.072770518397
"48945",3.85671507695,0.04349495688,"49",48945,Overlapping claim Glorioso Islands: France / Madagascar,8607,Overlapping claim,7963,Glorioso Islands,,Madagascar,8607,17,Glorioso Islands,ATF,France,0,0,,,,47.09690,-11.61810,48945,43506,MDG,FRA,,"450","250","0","0","260","0","48945",10,139.27038860321,13.927038860321
"48957",3.90824538413,0.00915098824,"194",48957,Guam Exclusive Economic Zone,8599,200NM,2204,Guam,GUM,United States,0,0,,,,0,0,,,,144.00261,12.92958,48957,208234,USA,,,"840","0","0","316","0","0","48957",668,199379.090833372,298.47169286433
"8390",18.86097988000,1.48390627248,"83",8390,Sierra Leonian Exclusive Economic Zone,2191,200NM,2191,Sierra Leone,SLE,Sierra Leone,0,0,,,,0,0,,,,-14.14468,6.63541,8390,160584,SLE,,,"694","0","0","694","0","0","8390",51398,5680575.49373102,110.521333392953
"8391",15.92870788140,0.54567051525,"129",8391,Liberian Exclusive Economic Zone,2105,200NM,2105,Liberia,LBR,Liberia,0,0,,,,0,0,,,,-10.17763,3.80280,8391,251781,LBR,,,"430","0","0","430","0","0","8391",76453,5003246.2241466,65.4421176951409
"8472",21.64909882430,3.29181754124,"126",8472,Guinean Exclusive Economic Zone,2122,200NM,2122,Guinea,GIN,Guinea,0,0,,,,0,0,,,,-15.62051,9.18114,8472,102163,GIN,,,"324","0","0","324","0","0","8472",52751,7957980.80209112,150.859335407691
"8460",1.22719291584,0.04140656874,"117",8460,Guyanese Exclusive Economic Zone,2124,200NM,2124,Guyana,GUY,Guyana,0,0,,,,0,0,,,,-57.64094,8.61338,8460,135060,GUY,,,"328","0","0","328","0","0","8460",17770,106958.834855102,6.0190678027632
"48951",0.29087840468,0.00044850587,"89",48951,Overlapping claim Navassa Island: USA / Haiti / Jamaica,20312,Overlapping claim,8639,Navassa Island,,Haiti,20312,2204,Navassa Island,,United States,20312,8682,Navassa Island,,Jamaica,-75.18373,18.33814,48951,13890,HTI,USA,JAM,"332","840","388","0","0","0","48951",3003,756315.578170776,251.853339384208
"8309",0.57007529262,0.00234073958,"23",8309,Christmas Island Exclusive Economic Zone,8590,200NM,2147,Christmas Island,CXR,Australia,0,0,,,,0,0,,,,105.36523,-11.24358,8309,327994,AUS,,,"36","0","0","162","0","0","8309",57,3089.87655928731,54.208360689251
"8315",15.78417005180,0.18772850123,"197",8315,Palau Exclusive Economic Zone,8594,200NM,8594,Palau,PLW,Palau,0,0,,,,0,0,,,,133.06710,6.44073,8315,614807,PLW,,,"585","0","0","585","0","0","8315",424,17144.3304781914,40.4347416938476
"8485",4.64512794296,0.04602804503,"200",8485,Singaporean Exclusive Economic Zone,2190,200NM,2190,Singapore,SGP,Singapore,0,0,,,,0,0,,,,103.81835,1.27519,8485,714,SGP,,,"702","0","0","702","0","0","8485",20376,11089014.4065752,544.219395689792
"8345",77.95392365370,1.82206338847,"258",8345,Maldives Exclusive Economic Zone,2229,200NM,2229,Maldives,MDV,Maldives,0,0,,,,0,0,,,,73.08337,2.48241,8345,920739,MDV,,,"462","0","0","462","0","0","8345",26,179035.108856201,6885.96572523851
"8359",36.07752195190,2.31349969219,"227",8359,Pakistani Exclusive Economic Zone,2250,200NM,2250,Pakistan,PAK,Pakistan,0,0,,,,0,0,,,,64.71198,23.53952,8359,224374,PAK,,,"586","0","0","586","0","0","8359",134766,25896149.8989158,192.156403684281
"62589",36.75058320410,1.15534231525,"277",62589,Chagos Archipelago Exclusive Economic Zone,8616,200 NM,8614,Chagos Archipelago,,Mauritius,0,0,,,,0,0,,,,72.00202,-6.53945,62589,650804,MUS,,,"480","0","0","0","0","0","62589",0,0,
"8357",10.69954382760,1.02279149039,"180",8357,Kuwaiti Exclusive Economic Zone,2115,200NM,2115,Kuwait,KWT,Kuwait,0,0,,,,0,0,,,,48.62908,29.18459,8357,11179,KWT,,,"414","0","0","414","0","0","8357",64847,8946308.30701828,137.960249618614
"8470",2.48976066237,0.10607636148,"181",8470,Iraqi Exclusive Economic Zone,2125,200NM,2125,Iraq,IRQ,Iraq,0,0,,,,0,0,,,,48.58489,29.76952,8470,1187,IRQ,,,"368","0","0","368","0","0","8470",40083,8224070.23693466,205.176015690808
"8374",5.26187887996,0.05008030262,"163",8374,Lebanese Exclusive Economic Zone,2098,200NM,2098,Lebanon,LBN,Lebanon,0,0,,,,0,0,,,,34.90392,33.90942,8374,20184,LBN,,,"422","0","0","422","0","0","8374",50736,35626606.987816,702.195817325291
"5685",3.02356014423,0.01086455165,"165",5685,Maltese Exclusive Economic Zone,2217,200NM,2217,Malta,MLT,Malta,0,0,,,,0,0,,,,15.11121,35.31355,5685,52923,MLT,,,"470","0","0","470","0","0","5685",1704,924544.694730794,542.573177658917
"8459",27.85799559270,0.66283421564,"85",8459,Jamaican Exclusive Economic Zone,8682,200NM,8682,Jamaica,JAM,Jamaica,0,0,,,,0,0,,,,-77.29089,16.66861,8459,256909,JAM,,,"388","0","0","388","0","0","8459",13447,3398494.41951752,252.732536589389
"8452",1.65738618087,0.01223383194,"142",8452,Johnston Atoll Exclusive Economic Zone,8678,200NM,2204,Johnston Atoll,UMI,United States,0,0,,,,0,0,,,,-169.50612,16.75109,8452,442443,USA,,,"840","0","0","581","0","0","8452",0,0,
"8349",13.86308271610,0.32754269634,"43",8349,Kenyan Exclusive Economic Zone,2118,200NM,2118,Kenya,KEN,Kenya,0,0,,,,0,0,,,,41.79278,-3.53678,8349,113833,KEN,,,"404","0","0","404","0","0","8349",75432,6858274.26471431,90.9199579053228
"8479",40.16471659590,1.12882764328,"46",8479,Tanzanian Exclusive Economic Zone,2205,200NM,2205,Tanzania,TZA,Tanzania,0,0,,,,0,0,,,,41.16860,-7.21087,8479,241567,TZA,,,"834","0","0","834","0","0","8479",117733,18337395.5876087,155.754084136213
"33176",0.13921781295,0.00072720874,"57",33176,Overlapping claim: Kenya / Somalia,2118,Overlapping claim,2118,Kenya,KEN,Kenya,2187,2187,Federal Republic of Somalia,SOM,Federal Republic of Somalia,0,0,,,,43.90490,-2.28224,33176,50229,KEN,SOM,,"404","706","0","404","706","0","33176",16761,164606.270562887,9.82079055920811
"8488",29.50278323750,0.23527076192,"252",8488,Kiribati Exclusive Economic Zone (Gilbert Islands),17597,200NM,2116,Gilbert Islands,KIR,Kiribati,0,0,,,,0,0,,,,172.78214,-0.25912,8488,1053245,KIR,,,"296","0","0","296","0","0","8488",0.250495233536772,2656.85888987251,10606.4249301673
"8373",3.84748410453,0.03136330192,"170",8373,Syrian Exclusive Economic Zone,3384,200NM,3384,Syria,SYR,Syria,0,0,,,,0,0,,,,35.49624,35.32871,8373,10269,SYR,,,"760","0","0","760","0","0","8373",46520,24355648.5112957,523.55220359621
"8396",43.53299869220,0.95433028119,"32",8396,South African Exclusive Economic Zone,2176,200NM,2176,South Africa,ZAF,South Africa,0,0,,,,0,0,,,,24.44331,-33.50802,8396,1072679,ZAF,,,"710","0","0","710","0","0","8396",255559,21343671.292857,83.5175880828184
"8416",2.60867534302,0.03086831919,"96",8416,Saint Lucia Exclusive Economic Zone,8647,200NM,8647,Saint Lucia,LCA,Saint Lucia,0,0,,,,0,0,,,,-61.10359,13.87770,8416,15413,LCA,,,"662","0","0","662","0","0","8416",2494,848521.981714606,340.225333486209
"8364",25.69717371810,0.16875900650,"69",8364,Spanish Exclusive Economic Zone (Canary Islands),3743,200NM,2185,Canary Islands,,Spain,0,0,,,,0,0,,,,-17.61396,28.36715,8364,445910,ESP,,,"724","0","0","0","0","0","8364",9992,3208628.74438858,321.119770255062
"8367",0.07961575063,0.00000157640,"148",8367,Moroccan Exclusive Economic Zone,2221,200NM,2221,Morocco,MAR,Morocco,0,0,,,,0,0,,,,-9.85201,32.78135,8367,280452,MAR,,,"504","0","0","504","0","0","8367",16421,349477.618453458,21.2823590800474
"8368",17.96090850480,2.06591607649,"138",8368,Overlapping claim Western Saharan Exclusive Economic Zone,8617,Overlapping claim,8617,Western Sahara,ESH,Western Sahara,8617,2221,Western Sahara,ESH,Morocco,0,0,,,,-17.69542,23.34236,8368,284054,ESH,MAR,,"732","504","0","732","732","0","8368",112941,568681.47409382,5.03520841938552
"8368",0.07961575063,0.00000157640,"138",8368,Overlapping claim Western Saharan Exclusive Economic Zone,8617,Overlapping claim,8617,Western Sahara,ESH,Western Sahara,8617,2221,Western Sahara,ESH,Morocco,0,0,,,,-17.69542,23.34236,8368,284054,ESH,MAR,,"732","504","0","732","732","0","8368",16421,349477.618453458,21.2823590800474
"8453",48.16187587350,0.71843923339,"270",8453,United States Exclusive Economic Zone (Hawaii),8679,200NM,2204,Hawaii,,United States,0,0,,,,0,0,,,,-151.05753,24.04099,8453,2474715,USA,,,"840","0","0","0","0","0","8453",20390,1953292.43359825,95.796588209821
"8369",7.09145364613,0.68427228502,"87",8369,Mauritanian Exclusive Economic Zone,2236,200NM,2236,Mauritania,MRT,Mauritania,0,0,,,,0,0,,,,-17.91755,18.24852,8369,173180,MRT,,,"478","0","0","478","0","0","8369",62636,3560533.21067772,56.8448370055195
"8310",2.61678157420,0.05955627607,"34",8310,Norfolk Island Exclusive Economic Zone,8591,200NM,2147,Norfolk Island,NFK,Australia,0,0,,,,0,0,,,,167.92898,-29.09314,8310,430600,AUS,,,"36","0","0","574","0","0","8310",62,3225.34840202332,52.0217484197309
"8317",0.12699026649,0.00014035800,"261",8317,Nauruan Exclusive Economic Zone,8596,200NM,8596,Nauru,NRU,Nauru,0,0,,,,0,0,,,,166.12396,-0.59113,8317,309261,NRU,,,"520","0","0","520","0","0","8317",26,14580.3113174438,560.781204517071
"8439",1.38457925975,0.00240930473,"5",8439,Pitcairn Islands Exclusive Economic Zone,2259,200NM,2208,Pitcairn,PCN,United Kingdom,0,0,,,,0,0,,,,-127.42131,-24.60623,8439,842291,GBR,,,"826","0","0","612","0","0","8439",50,82.6402207612991,1.65280441522598
"49003",11.26315224260,0.09421804830,"238",49003,Overlapping claim South China Sea,0,Overlapping claim,8603,China,CHN,China,0,0,,,,0,0,,,,114.10176,13.14179,49003,338839,CHN,,,"156","0","0","156","0","0","49003",0,0,
"8363",6.17426873780,0.02042923152,"86",8363,Portuguese Exclusive Economic Zone (Madeira),4956,200NM,2243,Madeira,,Portugal,0,0,,,,0,0,,,,-16.81091,33.17302,8363,452796,PRT,,,"620","0","0","0","0","0","8363",1031,353211.317757743,342.590996855231
"8338",2.51798252607,0.00550308056,"36",8338,Réunion Exclusive Economic Zone,8609,200NM,17,Réunion,REU,France,0,0,,,,0,0,,,,54.71328,-21.78197,8338,315151,FRA,,,"250","0","0","638","0","0","8338",3151,1208125.10194016,383.410060914045
"8318",123.29299944900,0.92409122272,"195",8318,Marshall Islands Exclusive Economic Zone,2226,200NM,2226,Marshall Islands,MHL,Marshall Islands,0,0,,,,0,0,,,,167.48735,10.15204,8318,2001566,MHL,,,"584","0","0","584","0","0","8318",15,5998.54812049866,399.903208033244
"8411",7.17141658066,0.21639803996,"67",8411,British Virgin Islands Exclusive Economic Zone,8653,200NM,2208,British Virgin Islands,VGB,United Kingdom,0,0,,,,0,0,,,,-64.50497,20.38988,8411,81555,GBR,,,"826","0","0","92","0","0","8411",1332,382135.192406077,286.888282587145
"33180",9.04640046762,0.10780146873,"103",33180,Virgin Islander Exclusive Economic Zone,8642,200NM,2204,United States Virgin Islands,VIR,United States,0,0,,,,0,0,,,,-64.92435,17.25496,33180,38275,USA,,,"840","0","0","850","0","0","33180",3179,1976929.46050382,621.871488047758
"8337",96.38183200280,2.28871653495,"48",8337,Seychellois Exclusive Economic Zone,2192,200NM,2192,Seychelles,SYC,Seychelles,0,0,,,,0,0,,,,52.46886,-6.54776,8337,1341504,SYC,,,"690","0","0","690","0","0","8337",297,132203.25035882,445.128789086936
"8420",16.46799173170,0.72428533006,"101",8420,Trinidad and Tobago Exclusive Economic Zone,2186,200NM,2186,Trinidad and Tobago,TTO,Trinidad and Tobago,0,0,,,,0,0,,,,-59.98478,10.95788,8420,76562,TTO,,,"780","0","0","780","0","0","8420",29289,2112432.32329845,72.123743497506
"8449",0.29769650964,0.00064923197,"15",8449,Tokelau Exclusive Economic Zone,8675,200NM,2227,Tokelau,TKL,New Zealand,0,0,,,,0,0,,,,-172.08495,-8.63257,8449,320548,NZL,,,"554","0","0","772","0","0","8449",4,281.16081237793,70.2902030944824
"8326",7.90433777902,0.04838561897,"246",8326,Tuvaluan Exclusive Economic Zone,2210,200NM,2210,Tuvalu,TUV,Tuvalu,0,0,,,,0,0,,,,74.28785,-7.81254,8326,753133,TUV,,,"798","0","0","798","0","0","8326",1.84267294205889,381.611314193755,207.096607044853
"8319",0.26055640516,0.00042020868,"202",8319,Wake Island Exclusive Economic Zone,8597,200NM,2204,Wake Island,UMI,United States,0,0,,,,0,0,,,,166.53046,19.50326,8319,406970,USA,,,"840","0","0","581","0","0","8319",0,0,
"8454",3.79500757370,0.02066200681,"247",8454,Wallis and Futuna Exclusive Economic Zone,8680,200NM,17,Wallis and Futuna,WLF,France,0,0,,,,0,0,,,,-172.77595,-12.79664,8454,262750,FRA,,,"250","0","0","876","0","0","8454",118,7152.92584609985,60.618015644914
