Country,Protein_1961,Protein_1962,Protein_1963,Protein_1964,Protein_1965,Protein_1966,Protein_1967,Protein_1968,Protein_1969,Protein_1970,Protein_1971,Protein_1972,Protein_1973,Protein_1974,Protein_1975,Protein_1976,Protein_1977,Protein_1978,Protein_1979,Protein_1980,Protein_1981,Protein_1982,Protein_1983,Protein_1984,Protein_1985,Protein_1986,Protein_1987,Protein_1988,Protein_1989,Protein_1990,Protein_1991,Protein_1992,Protein_1993,Protein_1994,Protein_1995,Protein_1996,Protein_1997,Protein_1998,Protein_1999,Protein_2000,Protein_2001,Protein_2002,Protein_2003,Protein_2004,Protein_2005,Protein_2006,Protein_2007,Protein_2008,Protein_2009,Protein_2010,Protein_2011,Protein_2012,Protein_2013,ISO3
Afghanistan,0.01,0.01,0.01,0.01,0.01,0.01,0.01,0.01,0.01,0.01,0.01,0.01,0.01,0.01,0.02,0.02,0.02,0.02,0.02,0.02,0.02,0.02,0.02,0.02,0.03,0.03,0.03,0.03,0.03,0.04,0.03,0.03,0.03,0.03,0.03,0.03,0.02,0.02,0.02,0.02,0.02,0.02,0.02,0.02,0.02,0.02,0.02,0.02,0.02,0.02,0.02,0.02,0.02,AFG
Africa,2.43,2.42,2.5700000000000003,2.7199999999999998,2.75,2.85,2.88,2.62,2.67,3.05,3.2899999999999996,3.42,3.4099999999999997,3.5,3.73,3.9,3.89,4.13,4.11,4.09,4.54,4.45,4.08,3.8,3.7,3.8499999999999996,4.14,4.09,4.07,4.18,3.64,3.77,3.69,3.4499999999999997,3.6,3.77,3.92,3.91,4.07,3.96,4.15,3.93,4.13,4.5,4.5,4.890000000000001,5.1899999999999995,4.89,4.76,4.92,5.17,5.2,5.07,NA
Albania,0.91,0.77,0.81,0.78,1,0.98,1.2,1.4100000000000001,1.5899999999999999,1.78,1.73,1.6800000000000002,1.65,1.69,1.65,1.6,1.5699999999999998,1.6400000000000001,1.6,1.5499999999999998,1.5699999999999998,1.43,1.49,1.13,1.85,1.44,1.62,1.6,1.19,0.9,0.23,0.27,0.24,0.18,0.38,0.57,0.54,0.92,1.44,1.7,1.73,2.44,2.2,2.52,2.6,2.32,2.7,2.9,3.08,3.11,3.2199999999999998,2.66,2.5,ALB
Algeria,2.01,1.18,0.87,0.98,0.88,1.01,0.88,0.71,0.92,0.95,0.89,1.11,1.12,1.32,1.39,1.24,1.47,1.17,1.34,1.57,1.86,2.08,2.1,2.03,2.17,2.32,2.8,2.96,2.66,2.29,1.94,2.27,2.38,3.13,2.59,1.9,2.08,2.12,2.33,2.48,2.92,2.92,3.23,2.72,2.89,3.36,3.31,2.97,2.9899999999999998,2.35,2.46,2.39,2.35,DZA
Americas,4.03,4.21,4.2,4.2,4.17,4.49,4.279999999999999,4.5200000000000005,4.38,4.72,4.59,4.96,5.41,4.96,4.68,4.95,4.96,5.38,5.64,5.55,5.68,5.359999999999999,5.29,5.5,5.59,5.8999999999999995,6.24,5.8,6.33,6.2700000000000005,5.91,6.01,6.3500000000000005,6.27,6.42,6.47,6.55,6.32,6.19,6.16,6.1899999999999995,6.28,6.5600000000000005,6.67,6.55,6.74,6.66,6.64,6.47,6.390000000000001,6.390000000000001,6.35,6.32,NA
Angola,4.12,5.05,4.33,6.47,6.26,6.470000000000001,8,8.6,7.54,8.66,6.3,3.43,3.15,4.2,2.28,5.94,8.55,8.07,6.81,6.680000000000001,7.31,13.57,13.35,14.96,16.34,16.16,15.29,15.59,14.13,11.790000000000001,6.89,6.33,6.63,6.42,6.1,6.48,5.67,4.62,6.79,6.8999999999999995,8.23,8.25,6.74,6.78,6.07,7.06,8.15,8.46,8.16,8.18,8.24,7.989999999999999,7.75,AGO
Antigua and Barbuda,23.82,23.66,23.26,23.64,24.18,23.790000000000003,20.56,16.64,22.68,19.7,19.4,21.64,23.82,21.74,25.87,26.68,25.93,22.09,25,27.26,23.330000000000002,19.76,20.24,24.48,32.370000000000005,33.88,30.04,28.110000000000003,31.52,19.55,17.17,29.169999999999998,22.73,21.38,21.16,20.02,22.72,19.689999999999998,20.89,21.72,21.919999999999998,22.93,26.44,26.43,28.05,29.21,28.13,28.62,27.87,26.57,26.279999999999998,26,25.68,ATG
Argentina,2.1,1.95,2.38,3.09,2.98,2.84,2.26,2.5,2.1599999999999997,2.25,2.83,2.81,2.52,3.0900000000000003,2.23,1.96,2.32,3.5100000000000002,4.02,3.01,3.0700000000000003,2.8899999999999997,2.84,2.44,3.42,2.85,2.77,3.28,2.6,2.85,3.08,4.64,5.1899999999999995,4.7,5.95,6.71,7.22,6.01,5.4,4.19,5.35,3.67,3.77,3.7,4.0200000000000005,5.45,4.87,4.75,3.27,3.68,3.6900000000000004,3.58,4.25,ARG
Armenia,NA,NA,NA,NA,NA,NA,NA,NA,NA,NA,NA,NA,NA,NA,NA,NA,NA,NA,NA,NA,NA,NA,NA,NA,NA,NA,NA,NA,NA,NA,NA,0.39,0.36,0.33999999999999997,0.42,0.2,0.2,0.27,0.32,0.51,0.61,0.52,0.39,0.31,1.31,0.79,0.9600000000000001,1.46,1.48,1.15,1.48,1.45,1.6400000000000001,ARM
Asia,4.1899999999999995,4.5,4.64,4.43,4.87,4.97,5.04,5.28,5.07,5,5.25,5.3,5.36,5.55,5.59,5.58,5.47,5.53,5.34,5.33,5.38,5.5,5.62,5.75,5.79,5.94,6.09,6.1499999999999995,6.34,6.34,6.3,6.34,6.68,7.140000000000001,7.47,7.62,7.4799999999999995,7.5600000000000005,7.69,7.9399999999999995,7.94,7.87,8,8.1,8.17,8.24,8.51,8.81,8.85,8.9,9.01,9.14,9.01,NA
Australia,5.64,4.93,4.08,5.41,5.26,6.04,5.58,5.640000000000001,5.79,5.74,6.1000000000000005,5.49,6.39,7.58,6.24,6.02,6.71,6.11,5.89,6.62,7.6,7.24,6.76,7.87,8.049999999999999,8.17,8.66,8.55,8.36,8.93,8.84,9.42,9.040000000000001,9.02,8.440000000000001,9,8.79,8.709999999999999,8.94,9.33,9.24,9.72,10.780000000000001,12.26,11.07,11.18,11.290000000000001,11.120000000000001,10.71,11.32,11.18,11.42,11.55,AUS
Australia & New Zealand,6.050000000000001,5.59,4.82,5.67,5.53,6.3,5.97,5.8100000000000005,5.81,5.7700000000000005,6.31,5.37,6.29,7.19,6.01,5.92,6.54,6.42,6.01,6.64,7.180000000000001,7.2,6.91,7.829999999999999,7.75,7.8,8.799999999999999,8.25,8.69,9.370000000000001,9.03,9.45,9.23,9.25,9.3,9.18,9.55,9.41,9.450000000000001,9.75,10.1,10.66,11.44,12.87,11.83,11.700000000000001,12.19,11.73,11.34,11.69,11.61,11.51,11.71,NA
Austria,3.08,3.15,3.08,3.21,3.39,3.2199999999999998,3.37,3.31,3.3,3.33,3.4699999999999998,3.4,3.75,3.44,3.15,3.67,3.44,3.35,3.7600000000000002,3.67,3.67,3.68,3.94,3.75,3.9,4.1,4.42,4.26,4.83,4.92,5.05,5.57,5.41,6.47,4.45,5.42,5.32,5.29,5.37,4.8500000000000005,5.54,5.36,5.73,5.97,6.71,6.62,7.3999999999999995,6.9799999999999995,6.46,6.34,6.720000000000001,6.7,7.18,AUT
Azerbaijan,NA,NA,NA,NA,NA,NA,NA,NA,NA,NA,NA,NA,NA,NA,NA,NA,NA,NA,NA,NA,NA,NA,NA,NA,NA,NA,NA,NA,NA,NA,NA,1.28,0.9,0.75,0.41,0.33999999999999997,0.27,0.42,0.83,0.9,0.57,0.75,0.5,0.53,0.77,0.8200000000000001,0.88,1.0899999999999999,1.05,1.07,1.23,1.22,1.21,AZE
Bahamas,5.8,5.890000000000001,7.26,5.88,7.75,9.18,8.76,7.86,7.930000000000001,9.53,8.1,5.97,9.08,7.45,7.88,6.33,6.38,7.23,6.01,8.66,11.12,9.52,9.62,9.65,10.28,12.83,9.98,12.55,11.82,13.77,13.24,14.02,14.25,14.06,13.97,12.85,14.86,15.67,16.13,17.35,17.29,16.25,15.440000000000001,15.84,15.139999999999999,15.69,15.53,15.9,14.73,14.700000000000001,15.040000000000001,14.99,13.969999999999999,BHS
Bangladesh,2.85,3.03,2.9499999999999997,3.21,3.5,3.43,3.31,3.46,3.37,3.5100000000000002,3.67,3.94,3.88,3.8400000000000003,3.0500000000000003,2.99,2.98,2.9400000000000004,2.83,2.74,2.71,2.7600000000000002,2.83,2.7,2.69,2.79,2.75,2.7399999999999998,2.72,2.5300000000000002,2.65,2.66,2.95,2.7399999999999998,2.8000000000000003,2.98,3.3000000000000003,3.5900000000000003,3.8099999999999996,3.9299999999999997,4.16,4.47,4.65,4.7299999999999995,4.8999999999999995,5.050000000000001,5.22,5.4,6.2299999999999995,6.5200000000000005,6.36,6.29,6.2,BGD
Barbados,16.53,16.23,15.82,13.53,14.9,19.87,18.72,14.94,14.48,15.68,14.790000000000001,14.42,14.72,16.73,18.56,19.74,15.84,19.13,20.34,17.45,20.9,20.5,25.970000000000002,25.07,20.78,20.87,19.45,21.81,17.65,18.23,16.099999999999998,17.39,17.220000000000002,16.28,19.330000000000002,19.080000000000002,19.55,15.99,20.8,22.55,22.79,23.68,25.06,21.84,24.12,24.57,25.21,24.88,23.73,23.259999999999998,22.89,22.52,23.75,BRB
Belarus,NA,NA,NA,NA,NA,NA,NA,NA,NA,NA,NA,NA,NA,NA,NA,NA,NA,NA,NA,NA,NA,NA,NA,NA,NA,NA,NA,NA,NA,NA,NA,0.29,0.39,0.67,2.93,3.2199999999999998,5.65,3.89,3.37,5.24,7.07,8.09,7.7,8.16,8.38,8.5,9.19,9.309999999999999,9.17,8.3,7.390000000000001,7.609999999999999,8.32,BLR
Belgium,NA,NA,NA,NA,NA,NA,NA,NA,NA,NA,NA,NA,NA,NA,NA,NA,NA,NA,NA,NA,NA,NA,NA,NA,NA,NA,NA,NA,NA,NA,NA,NA,NA,NA,NA,NA,NA,NA,NA,11.299999999999999,10.620000000000001,11.02,11.98,11.51,12.08,12.25,12.57,11.76,10.870000000000001,11.33,11.63,11.29,11.14,BEL
Belgium-Luxembourg,9.35,8.49,8.77,8.77,8.62,8.78,8.45,8.29,7.9799999999999995,8.66,8.530000000000001,8.01,7.67,7.96,7.13,7.76,7.4,7.58,7.88,8.030000000000001,7.890000000000001,8.3,8.549999999999999,8.27,8.43,8.67,8.77,8.870000000000001,9.32,10.35,10.33,10.84,9.97,10.41,11.29,9.85,10.15,10.459999999999999,10.91,NA,NA,NA,NA,NA,NA,NA,NA,NA,NA,NA,NA,NA,NA,NA
Belize,2.89,3.13,3.55,3.98,2.74,2.79,2.58,3.32,2.32,2.16,2.31,1.62,2.54,2.97,2.58,3.08,3.39,3.23,3.85,3.86,3.91,3.41,2.98,3.44,3.2,2.94,4.22,2.86,4.4,2.49,3.35,3.2,5.470000000000001,5.86,5.31,5.91,7.06,6.45,9.2,11.51,10.700000000000001,9.83,9.31,7.49,7.69,7.5,7.49,6.75,6.03,7.41,7.4,7.180000000000001,7,BLZ
Benin,3.17,3.82,3.27,3.7800000000000002,3.44,3.15,4.94,5.159999999999999,4.87,5.75,5.9,5.65,5.63,5.5600000000000005,5.65,4.61,4.42,4.6,4.49,3.92,3.9499999999999997,4.03,3.42,3.5900000000000003,3.7800000000000002,4.17,4.79,3.9299999999999997,3.96,3.54,4.1,4.12,4.9399999999999995,4.02,4.23,3.77,3.9899999999999998,3.53,3.95,3.9,3.21,4.13,4.47,4.27,4.51,5.74,5.64,6.33,5.76,5.71,5.6,6.09,6.43,BEN
Bermuda,21.39,20.1,19.68,19.86,18.46,24.64,24.28,24.66,22.26,26.6,24.3,24.8,21.71,23.68,25.1,25.62,21.46,22.69,22.46,25.38,23.77,25.04,27.42,28.14,28.79,29.87,26.64,28.830000000000002,26.28,29.08,27.61,28.54,25.19,24.74,21.61,18.25,22.61,17.19,18.27,17.150000000000002,22.04,22.64,21.4,20.81,21.29,21.52,20.84,20.27,21.69,23.17,23.29,24.17,22.95,BMU
Bolivia (Plurinational State of),0.08,0.63,0.62,0.72,0.6,0.71,0.74,0.45,0.69,0.52,0.89,0.7,0.96,0.8999999999999999,0.8999999999999999,0.77,1.1,1.14,1.51,1.9,1.5799999999999998,0.43,0.5,0.69,0.7,0.5,0.55,0.31,0.52,0.5599999999999999,0.31,0.33,0.62,0.72,0.5,0.52,0.67,0.7100000000000001,0.62,1.3900000000000001,0.97,0.95,0.7000000000000001,0.72,0.8300000000000001,0.8600000000000001,0.69,1.2,1.08,0.91,1.1300000000000001,1.06,1.05,BOL
Bosnia and Herzegovina,NA,NA,NA,NA,NA,NA,NA,NA,NA,NA,NA,NA,NA,NA,NA,NA,NA,NA,NA,NA,NA,NA,NA,NA,NA,NA,NA,NA,NA,NA,NA,0.07,0.5599999999999999,0.09999999999999999,0.42,0.08,0.34,0.25,0.97,1.18,1.65,2.13,2.42,3.38,3.4,2.91,3.15,2.91,2.8499999999999996,2.74,2.33,2.25,2.4699999999999998,BIH
Botswana,0.22,0.27,0.26,0.26,0.25,0.29,0.28,0.37,0.36,0.34,0.46,0.48,0.47,0.45,0.44,0.56,0.9099999999999999,1.39,1.05,1.62,2.02,1.25,1.2999999999999998,1.51,1.28,1.53,1.8499999999999999,2.38,1.82,3.29,4.17,2.76,2.27,2.0500000000000003,1.72,1.81,1.98,1.45,1.8399999999999999,2.41,1.88,1.49,1.53,1.52,1.5899999999999999,1.27,1.69,1.6300000000000001,1.76,2.04,1.6199999999999999,2.5100000000000002,2.1,BWA
Brazil,2.54,3.15,2.91,2.77,2.7600000000000002,3.01,3.3,3.78,3.7399999999999998,4.13,4.03,3.9,4.74,4.06,4.25,3.38,3.21,3.09,3.8699999999999997,3.47,2.9499999999999997,3.07,3.06,3.25,3.16,3.52,3.43,2.79,2.88,2.72,2.44,2.15,2.48,2.65,2.7800000000000002,3.15,2.96,2.72,2.55,2.67,2.65,2.56,2.54,2.57,2.52,2.8,3,3.19,3.47,3.7,4.2,4.36,4.32,BRA
Brunei Darussalam,13.049999999999999,12.76,13.05,10.66,10.2,12.66,14.34,12.28,13.03,13.26,13.92,14.94,13.26,12.38,12.78,18.1,15.840000000000002,17.6,16.55,16.99,19.77,18.970000000000002,21.43,22.2,22.169999999999998,19.45,17.650000000000002,13.18,20.150000000000002,14.79,11.55,9.43,16.28,27.419999999999998,18.5,19.46,30.49,28.360000000000003,17.51,17.71,19.97,16.98,18.09,20.88,19.439999999999998,19.66,16.58,16.33,14.55,17.31,16.849999999999998,22.4,23.32,BRN
Bulgaria,1.56,1.3,2.48,2.33,2.13,1.69,2.52,3.24,4.14,4.26,4.89,4.69,3.14,5.16,6.93,5.77,5.11,4.56,3.5700000000000003,4.0200000000000005,3.6199999999999997,3.73,5.97,5.83,4.75,5.06,4.109999999999999,3.6599999999999997,3.98,2.3400000000000003,1.78,1.46,0.75,0.55,0.41000000000000003,0.49,1.37,2.9,2.2,1.9,1.97,2.45,2.8,2.4,2.61,3.17,2.65,3.4499999999999997,3.38,3.22,3.1500000000000004,3.12,3.53,BGR
Burkina Faso,0.19,0.31,0.56,0.53,0.4,0.47,0.43,0.41,0.42,0.5599999999999999,0.47,0.56,0.41000000000000003,0.63,0.45999999999999996,0.51,0.56,0.5700000000000001,0.5700000000000001,0.62,0.65,0.6699999999999999,0.6599999999999999,0.5700000000000001,0.69,0.85,0.95,1.04,0.9199999999999999,0.8,0.67,0.62,0.54,1.16,1.27,1.27,1.53,0.88,1.6300000000000001,1.18,0.8400000000000001,0.8300000000000001,0.81,0.96,1.39,1.44,1.52,1.44,2.6,3.18,4.16,4.17,4.0600000000000005,BFA
Cabo Verde,2.62,2.78,2.9,3.2,3.62,4.1,6,5.7,4.12,6.68,5.24,5.56,6.28,4.01,5.8500000000000005,5.22,9.13,12.290000000000001,11.99,12.68,27.06,21.18,19.91,16.8,15.11,10.65,6.67,9.81,9.81,8.52,12.629999999999999,6.73,8.21,9.59,9.75,10.39,12.12,11.53,13,14.61,12.42,11.43,11.46,11.36,9.12,6.56,7.96,7.92,7.78,6.5,7.07,7.029999999999999,6.94,CPV
Cambodia,2.2199999999999998,2.17,2.17,2.21,2.56,2.37,2.52,2.6700000000000004,2.74,3.35,4.18,4.57,4,4,3.99,3.79,3.9,2.17,1.6300000000000001,0.93,2.32,3.23,3.3600000000000003,3.05,3.42,3.24,3.9299999999999997,4.140000000000001,3.67,5.03,4.930000000000001,3.18,3.1700000000000004,3.3,3.87,3.36,2.9499999999999997,3.06,6.99,7.4799999999999995,11.76,10.76,9.42,7.9799999999999995,10.08,12.96,12.610000000000001,12.18,13.1,13.83,15.66,15.81,16.09,KHM
Cameroon,5.48,5.2299999999999995,4.9399999999999995,4.7700000000000005,4.59,4.390000000000001,4.83,5.07,5.38,5.49,5.12,5.28,4.85,4.46,4.97,5.06,5.34,4.83,6.0600000000000005,6.07,6.31,6.63,6.47,6.5200000000000005,7.27,8.15,6.56,6.59,6.300000000000001,6.069999999999999,4.1499999999999995,5.66,4.57,4.63,5.37,5.12,5.96,6.3500000000000005,6.09,6.23,7.03,6.2,7.44,7.58,7.21,6.7299999999999995,7.800000000000001,8.08,9.51,7.34,8.82,8.02,7.369999999999999,CMR
Canada,6.25,5.72,5.65,5.78,5.37,5.92,5.61,5.74,5.15,5.07,6.44,5.32,6.96,6.88,5.97,7.41,8.13,8.56,8.799999999999999,8,8.370000000000001,7.61,8.27,6.95,7.800000000000001,9.04,10.51,9.4,9.88,10.85,10.43,9.62,11.1,10.49,10.52,11.42,10.99,11.46,11.61,11.15,11.56,11.08,11.09,10.46,10.36,10.3,10.01,9.79,10.190000000000001,9.97,10.040000000000001,9.59,9.879999999999999,CAN
Caribbean,5.22,5.609999999999999,6.79,7.66,5.78,7.4,7.7299999999999995,7.04,7.22,6.609999999999999,7.16,7.18,6.8999999999999995,6.6899999999999995,7.41,7.19,6.74,6.75,6.2,7.56,7.3100000000000005,7.23,7.37,6.84,7.4,7.75,7.37,7.45,6.859999999999999,6.71,5.26,4.57,4.779999999999999,4.82,4.91,4.76,4.84,4.78,5.03,5.6000000000000005,5.6899999999999995,5.1899999999999995,5.19,5.36,5.35,5.32,5.8,5.94,5.779999999999999,4.91,4.85,4.79,4.78,NA
Central African Republic,0.52,0.53,0.67,0.73,0.73,1.03,1.05,1.03,1.2899999999999998,1.47,1.52,1.4500000000000002,1.7200000000000002,1.9100000000000001,1.36,1.89,2.11,1.9200000000000002,1.8,1.86,1.62,1.57,1.6700000000000002,1.54,1.76,1.82,1.78,1.75,1.74,1.71,1.46,1.4000000000000001,1.3900000000000001,1.34,1.3,1.27,1.34,1.28,1.37,1.32,1.46,1.58,1.88,2.03,2.17,2.25,2.58,2.61,2.84,3.17,3.08,2.88,2.66,CAF
Central America,1.0799999999999998,1.05,1.3599999999999999,1.41,1.49,1.45,1.59,1.55,1.66,2.06,1.89,1.95,2.04,1.89,2.27,1.8599999999999999,2.06,3.23,3.85,4.3999999999999995,5.53,4.859999999999999,3.8,3.9699999999999998,3.88,3.94,4.13,4.18,4.19,4.79,4.71,4.65,4.55,4.640000000000001,4.1899999999999995,4.77,5.27,4.17,4.22,4.43,4.61,5.14,4.86,4.79,5.47,5.61,5.95,6.12,5.79,5.91,5.1499999999999995,5.07,4.98,NA
Central Asia,NA,NA,NA,NA,NA,NA,NA,NA,NA,NA,NA,NA,NA,NA,NA,NA,NA,NA,NA,NA,NA,NA,NA,NA,NA,NA,NA,NA,NA,NA,NA,0.8,0.6,0.48,0.44,0.47,0.39,0.37,0.53,0.72,0.64,0.61,0.6,0.63,0.74,0.79,1.05,1.1800000000000002,0.88,0.98,1.08,1.1,1.06,NA
Chad,1.32,0.59,0.5800000000000001,0.76,0.88,1.34,0.59,1,1.05,1.2,1.44,1.43,1.47,1.29,1.05,1.25,1.43,1.6,1.66,1.53,1.28,0.79,0.95,1.08,1.06,1.23,1.36,1.41,1.5,1.66,2.15,2.5,2.77,2.88,2.82,3.21,2.8699999999999997,2.74,2.98,3.77,3.26,3.0599999999999996,2.7199999999999998,2.46,2.17,2.02,1.6400000000000001,1.42,1.3900000000000001,1.7,2,1.95,1.8900000000000001,TCD
Chile,3.8499999999999996,4.12,6.48,5.2299999999999995,5.13,5.38,5.55,5.6,4.68,5.44,4.56,6.22,6.79,5.25,5.31,5.1899999999999995,7.2,7.81,7.04,7.22,8.04,6.0600000000000005,6.57,5.54,6.71,6.17,6.46,7.09,7.54,7.949999999999999,7.35,8.76,9.72,8.2,8.940000000000001,7.43,7.4,6.49,5.59,5.42,5.76,8.42,11.52,12.07,12.51,12.61,13.85,11.950000000000001,9.33,6.46,7.38,6.43,6.48,CHL
China,2.17,2.8899999999999997,2.94,2.99,3.13,3.09,2.98,3.08,2.8000000000000003,2.53,2.8000000000000003,2.9099999999999997,2.89,3.16,3.3000000000000003,2.56,2.56,2.56,2.3400000000000003,2.38,2.2800000000000002,2.54,2.39,2.61,2.85,3.1799999999999997,3.5700000000000003,3.7600000000000002,4.01,4.15,4.42,4.6899999999999995,5.27,6.25,7.1899999999999995,7.859999999999999,7.84,8.14,8.32,8.81,8.379999999999999,8.62,8.94,9.35,9.469999999999999,9.65,10.27,10.86,11.13,11.29,11.58,12.129999999999999,12.05,CHN
"China, Hong Kong SAR",15.649999999999999,15.67,14.82,16.099999999999998,15.75,17.64,17,22.11,22.68,26.52,25.8,26.68,25.57,26.1,25.009999999999998,25.25,22.85,23.13,25.259999999999998,23.53,21.400000000000002,23.990000000000002,24.61,24.36,23.32,25.77,26.26,26.02,24.99,27.87,31.689999999999998,31.9,30.5,29.52,29.11,28.9,31.86,27.44,25.34,29.05,31.94,31.31,29.56,31.56,31.82,31.72,28.939999999999998,29.33,30.9,31.11,31.76,32.71,32.46,HKG
"China, Macao SAR",2.19,3.33,4.75,5.86,7.12,8.52,6.27,8,7.38,8.91,9.26,10.98,9.98,11.97,7.84,12.4,17.82,13.43,18.650000000000002,23.48,26.17,18.92,18.71,22.64,21.32,21.8,14.19,15.56,18.89,18.22,19.49,17.32,17.84,20.349999999999998,20.63,19.34,19.14,18.46,15.999999999999998,16.63,18.91,21.18,26.63,25.34,25.84,27.939999999999998,30.599999999999998,29.07,27.09,27.85,28.150000000000002,26.81,26.39,MAC
"China, mainland",1.8800000000000001,2.59,2.62,2.64,2.79,2.75,2.64,2.68,2.39,2.18,2.44,2.55,2.5,2.8200000000000003,2.9299999999999997,2.19,2.19,2.17,1.94,1.98,1.89,2.16,2.02,2.23,2.46,2.84,3.18,3.3899999999999997,3.6100000000000003,3.75,3.9899999999999998,4.3,4.92,5.97,6.890000000000001,7.630000000000001,7.529999999999999,7.87,8.08,8.56,8.14,8.38,8.709999999999999,9.18,9.26,9.46,10.06,10.67,11.01,11.14,11.399999999999999,11.92,11.87,CHN
"China, Taiwan Province of",15.26,17.26,17.61,17.94,17.3,17.23,17.849999999999998,19.5,20.23,16.55,16.88,16.85,17.96,17.3,19.419999999999998,17.29,17.95,17.36,17.89,17.240000000000002,17.7,17.39,15.93,17.509999999999998,17.7,15.81,19.51,17.98,20.33,19.21,20.75,18.41,18.669999999999998,15.61,17.93,15.65,18.830000000000002,17.130000000000003,16.83,15.7,14.24,14.93,15.92,13.24,13.67,12.64,16.98,15.26,13.32,13.21,15.540000000000001,16.18,16.15,TWN
Colombia,1.14,1.28,1.1400000000000001,1.1600000000000001,1.19,1.26,1.96,1.8800000000000001,1.24,1.04,0.9099999999999999,1.81,1.98,1.3800000000000001,1.15,1.33,1.4,1.7,1.5,1.78,2.22,1.8,1.07,1.6900000000000002,1.42,1.79,1.53,1.51,1.38,1.4,1.3,1.53,1.82,1.25,2.42,2.4699999999999998,2.63,2.6,2.02,2.3,2.67,2.54,2.78,2.56,2.94,3.1,3.12,2.8,2.7399999999999998,2.78,2.98,2.79,2.7600000000000002,COL
Congo,14.719999999999999,12.01,12.49,14.7,12.5,13.17,12.69,13.14,13.57,10.76,9.82,13.66,11.17,9.24,12.15,12.84,11.149999999999999,14.700000000000001,15.64,15.129999999999999,13.7,15.2,17.75,21.62,21.830000000000002,20.56,20.12,18.79,17.56,17.36,16.33,16.75,16.8,14.040000000000001,10.93,11.520000000000001,10.959999999999999,9.780000000000001,9.21,9.65,12.01,9.12,8.59,10.98,9.540000000000001,9.139999999999999,8.53,11.14,11.68,9.85,11.86,12.71,13.86,COG
Costa Rica,1.36,1.52,1.69,2.05,1.7,1.64,1.63,2.26,1.46,3,3.62,4.1,3.72,3.69,3.35,2.95,3.15,6.2,4.65,4.47,3.5,2.36,2.1,2.96,2.97,3.4,2.44,1.8,2.21,3.08,2.39,2.0500000000000003,3.03,2.3400000000000003,2.4699999999999998,1.8299999999999998,2.4299999999999997,2.5500000000000003,2.88,1.98,1.85,2.72,3.44,3.68,3.66,3.86,4.42,4.66,5.11,5,6.3,6.29,5.85,CRI
Croatia,NA,NA,NA,NA,NA,NA,NA,NA,NA,NA,NA,NA,NA,NA,NA,NA,NA,NA,NA,NA,NA,NA,NA,NA,NA,NA,NA,NA,NA,NA,NA,1.31,0.84,1.29,1.51,2.0300000000000002,1.76,2.0999999999999996,2.17,4.2700000000000005,6.140000000000001,8.28,8.46,7.879999999999999,10.22,10.41,9.39,11.17,10.88,9.9,11.440000000000001,11.2,11.31,HRV
Cuba,3.84,3.32,5.13,7.67,4.96,7.04,9.33,7.2700000000000005,8.13,7.57,9.53,8.1,9.38,9.67,10.67,9.97,9.62,8.89,7.11,10.55,10.23,9.94,10.57,9.09,10.61,10.76,10.74,11.25,8.91,9.16,7,5.16,5.4,5.01,5.42,5.05,4.8100000000000005,4.67,4.61,6.159999999999999,5.51,2.98,4.04,4.33,3.89,3.15,4.09,4.37,3.82,2.36,2.38,2.3,2.37,CUB
Cyprus,3.22,3.5,4.23,4.02,3.8699999999999997,3.96,4.609999999999999,4.44,4.38,3.8,4.11,3.99,4.3500000000000005,2.65,4.26,2.95,3.87,5.51,3.83,4.23,4.34,5.26,4.95,5.12,5.97,6.109999999999999,7.26,6.78,8.620000000000001,8.200000000000001,8.08,9.959999999999999,8.68,9.79,10.65,9.91,9.81,11.04,10.959999999999999,10.540000000000001,10.94,10.22,10.06,10.16,10.64,10.89,11.899999999999999,11.8,11.31,11,10.95,10.84,10.73,CYP
Czechia,NA,NA,NA,NA,NA,NA,NA,NA,NA,NA,NA,NA,NA,NA,NA,NA,NA,NA,NA,NA,NA,NA,NA,NA,NA,NA,NA,NA,NA,NA,NA,NA,3.29,4.279999999999999,4.13,4.87,4.96,4.63,4.83,5.17,5.42,5.25,5.3100000000000005,5.43,5.29,5.05,5.23,5.1899999999999995,4.71,4.6499999999999995,4.37,4.31,4.22,CZE
Czechoslovakia,3.11,3.43,3.94,3.46,3.44,3.47,3.59,3.59,3.63,4.01,4.71,4.1,4.14,4.1499999999999995,4.16,4.85,4.26,4.14,3.42,3.29,3.54,3.45,2.98,3.59,3.54,4.15,4.28,4.6,4.32,4.21,2.9,3.0700000000000003,NA,NA,NA,NA,NA,NA,NA,NA,NA,NA,NA,NA,NA,NA,NA,NA,NA,NA,NA,NA,NA,NA
Côte d'Ivoire,8.26,8.04,8.09,9.08,9.48,9.72,9.81,9.83,10.02,9.629999999999999,11.3,10.850000000000001,10.42,13.57,12.4,12.49,9.87,9.719999999999999,11.15,10.18,11.47,9.99,8.3,8.290000000000001,9.98,11.13,11.06,12.94,12.24,11,9.09,9.93,8.709999999999999,7.39,8.05,7.98,7.47,8.64,10.59,7.63,8.48,8.07,8.84,7.97,8.91,8.8,8.69,10.290000000000001,11.31,10.790000000000001,10.81,9.290000000000001,9.08,NA
Democratic People's Republic of Korea,16,16.01,16.59,16.119999999999997,16.86,17.63,18.23,18.2,17.57,14.73,15.71,16.55,16.15,18.380000000000003,18.880000000000003,23.4,23.16,24.22,23.27,21.61,23.64,23.810000000000002,22.48,22.45,22.27,23.37,23.330000000000002,20.830000000000002,22.45,16.47,12.88,11.540000000000001,11.81,9.23,7.45,6.63,5.74,5.54,5.2700000000000005,5.2,5.33,4.55,3.97,3.6100000000000003,4.6499999999999995,4.91,5.42,5.45,5.33,4.92,5.06,5.05,5.03,PRK
Denmark,9.56,10.19,10.34,11.879999999999999,11.309999999999999,12.290000000000001,12.649999999999999,12.190000000000001,14.67,13.81,13.39,14.13,13.040000000000001,13.97,13.61,19.56,19.099999999999998,19.46,19.09,18.599999999999998,16.49,18.939999999999998,15.930000000000001,14.79,15.74,19.67,18.65,18.44,15.33,15.8,17.06,17.68,18.14,17.84,16.55,13.53,14.7,12.24,12.6,10.76,12.58,14.47,14.97,16.05,16.099999999999998,14.9,19.27,11.92,15.14,18.8,15.020000000000001,15.71,17,DNK
Djibouti,2.56,2.4,2.24,1.56,1.48,1.38,1.3,1.2,1.12,1.06,1,0.32,0.6,1.04,0.76,0.52,0.46,0.42,0.38,0.39,0.58,1.42,1.08,1.48,1.8,1.05,0.67,0.85,0.63,0.5,0.44,0.99,0.98,1.06,0.84,0.82,1.12,1.16,1.39,1.34,1.02,1.28,1.08,1.61,1.55,1.88,1.77,1.5,1.26,1.5,1.78,2.11,2.16,DJI
Dominica,11.74,14.8,14.56,14.34,17.6,14.280000000000001,13.86,14.48,15.54,12.48,13.1,15.45,16.24,17.02,14.24,14.120000000000001,14.34,15.25,10.69,15.2,14.34,16.36,10.04,11.26,10.92,10.57,8.72,9.07,10.86,12.48,13.22,14.62,15.6,17.16,19.38,19.79,17.62,21.35,24.44,24.240000000000002,22.62,22.9,19.849999999999998,18.44,15.87,15.13,16.95,16.330000000000002,18.13,14.41,13.83,12.700000000000001,12.5,DMA
Dominican Republic,2.79,5.42,5.9799999999999995,7.21,3.6100000000000003,6.08,4.32,5.33,5.1,4.9,4.2,3.61,3.14,2.31,3.12,3.5300000000000002,4.29,3.76,4.79,5.21,4.38,4.2700000000000005,4.01,2.91,4.36,5.13,4.36,4.16,4.83,4.67,3.32,3.39,3.98,4.64,4.42,4.29,4.69,4.2700000000000005,4.61,5.37,5.41,6.51,5.2,5.15,5.13,5.5200000000000005,5.8,6.3,6.39,5.85,4.62,4.55,4.5,DOM
Eastern Africa,1.26,1.35,1.4,1.57,1.6700000000000002,1.79,1.88,2.06,2,2.14,2.13,2.11,2.02,1.9500000000000002,2.06,1.98,2.1799999999999997,1.99,1.77,1.86,1.79,1.82,1.86,1.95,1.84,1.97,2.03,2.11,2.01,2.18,1.82,1.83,1.78,1.71,1.66,1.55,1.69,1.54,1.57,1.59,1.43,1.38,1.5,1.57,1.6800000000000002,1.6600000000000001,1.73,1.58,1.72,1.79,1.86,1.82,1.77,NA
Eastern Asia,5.95,6.6,6.73,6.06,6.91,6.98,7.06,7.3,6.91,6.63,7.13,7.27,7.41,7.79,7.87,8.05,7.6000000000000005,7.78,7.4,7.38,7.5200000000000005,7.71,7.78,8.040000000000001,8.2,8.51,8.96,9.01,9.3,9.19,9.04,9.2,9.9,10.77,11.42,11.74,11.540000000000001,11.69,11.95,12.42,12.28,12.17,12.44,12.540000000000001,12.620000000000001,12.639999999999999,13.08,13.66,13.66,13.7,13.940000000000001,14.379999999999999,14.16,NA
Eastern Europe,7.82,8.33,9.48,9.73,9.7,9.54,10.02,10.4,11.01,11.65,11.049999999999999,12.23,13.120000000000001,13.79,14.01,13.86,13.22,13.84,13.98,14.28,14.97,14.879999999999999,14.44,15.33,15.75,15.78,15.290000000000001,14.87,14.3,13.74,12.13,7.840000000000001,6.180000000000001,5.52,7.26,8.1,8.59,9,7.78,7.82,8.07,7.61,7.67,7.52,9.209999999999999,9.11,10.379999999999999,10.520000000000001,10.23,9.92,9.67,9.91,10.07,NA
Ecuador,3.38,3.34,4.2,3.16,3.22,2.86,2.9,3.16,2.15,4.21,4.06,4,4.83,5.37,5.44,5.54,6.22,6.84,7.65,8.11,6.59,6.58,7.35,7.5,5.8,4.94,4.63,4.7,4.24,4.16,4.04,3.9499999999999997,3.95,3.7,4.21,4.91,5.11,5.4,3.87,3.27,2.33,2.21,3.35,3.38,3.52,3.73,4.2700000000000005,4.54,4.58,4.23,4.44,4.37,4.31,ECU
Egypt,1.6400000000000001,2.04,1.7,1.8,1.4,1.71,1.3,1.2,1.09,1.01,1.1300000000000001,1.08,1.02,1.24,1.55,1.94,1.56,1.92,1.8,1.9300000000000002,2.38,2.35,2.7,2.81,2.68,2.89,2.7800000000000002,3.1,3.27,3.71,3.3899999999999997,3.61,3.3299999999999996,3.95,3.91,4.87,4.6,5.61,6.24,6.47,6.6,6.04,6.34,6.73,6.8,7.45,7.7,7.46,7.470000000000001,9.09,8.49,9,8.49,EGY
El Salvador,0.67,0.84,0.88,1.1099999999999999,1.25,0.9700000000000001,0.77,0.86,1.04,0.86,0.95,0.74,0.91,0.92,1.01,0.77,0.78,0.87,1.1099999999999999,1.12,1.8599999999999999,0.97,0.5,0.79,1.26,1.57,1.56,1.08,1.03,0.95,1.09,1.32,0.9199999999999999,1.1400000000000001,1.4000000000000001,1.17,1.1500000000000001,0.82,0.84,1.1300000000000001,2.52,3.6,3.3000000000000003,3.17,4.66,3.46,4.35,3.3000000000000003,4.62,3.9899999999999998,4.72,3.97,3.95,SLV
Estonia,NA,NA,NA,NA,NA,NA,NA,NA,NA,NA,NA,NA,NA,NA,NA,NA,NA,NA,NA,NA,NA,NA,NA,NA,NA,NA,NA,NA,NA,NA,NA,15.39,16.79,11.72,10.77,8.62,8.950000000000001,7.6499999999999995,8.79,10.32,8.62,9.13,9.389999999999999,7.33,7.720000000000001,6.39,7.87,8.61,8.35,7.17,7.21,7.220000000000001,7.23,EST
Ethiopia,NA,NA,NA,NA,NA,NA,NA,NA,NA,NA,NA,NA,NA,NA,NA,NA,NA,NA,NA,NA,NA,NA,NA,NA,NA,NA,NA,NA,NA,NA,NA,NA,0.02,0.03,0.03,0.05,0.05,0.07,0.08,0.07,0.07,0.05,0.04,0.04,0.04,0.04,0.05,0.06,0.06,0.06,0.08,0.08,0.07,ETH
Ethiopia PDR,0.04,0.07,0.02,0.05,0.18,0.18,0.14,0.23,0.2,0.13,0.09,0.09,0.09,0.06,0.04,0.04,0.04,0.04,0.02,0.03,0.03,0.03,0.03,0.03,0.03,0.04,0.02,0.02,0.04,0.04,0.02,0.02,NA,NA,NA,NA,NA,NA,NA,NA,NA,NA,NA,NA,NA,NA,NA,NA,NA,NA,NA,NA,NA,ETH
Europe,8.25,8.44,9.12,9.41,9.5,9.3,9.66,9.94,10.03,10.45,10.18,10.7,11.14,11.48,11.45,11.55,11.14,11.36,11.36,11.68,11.95,11.959999999999999,11.9,12.38,12.77,12.91,12.88,12.74,12.629999999999999,12.41,11.53,9.709999999999999,9.03,8.92,9.66,10.370000000000001,10.63,11.18,10.48,10.51,11.059999999999999,10.88,10.959999999999999,10.809999999999999,11.75,11.99,12.49,12.32,12.06,12.01,11.950000000000001,11.84,11.94,NA
European Union,8.02,7.89,8.29,8.6,8.81,8.549999999999999,8.790000000000001,9.01,8.66,8.97,9.07,9.02,9.05,9.18,9.1,9.4,9.02,8.92,8.77,9.09,8.99,9.07,9.440000000000001,9.48,9.78,9.9,10.32,10.43,10.540000000000001,10.4,10.2,10.31,10,10.37,10.45,10.91,11.02,11.620000000000001,11.29,11.35,12.040000000000001,11.96,12.11,11.959999999999999,12.43,12.85,12.82,12.51,12.299999999999999,12.360000000000001,12.35,12.12,12.219999999999999,NA
Fiji,8.75,7.8,9.64,10.38,9.43,9.04,11.44,11.04,10.93,10.51,11.97,11.879999999999999,14.2,13.030000000000001,13.639999999999999,13.92,7.84,13.18,17.46,19.36,23.14,21.92,15.33,18.04,21.36,20.42,15.53,19.349999999999998,17.810000000000002,16.4,18.52,12.73,14.91,14,14.82,9.540000000000001,11.200000000000001,11.84,11.98,15.15,15.92,17.31,22.189999999999998,21.33,20.66,20.09,19.919999999999998,20.43,20.39,19.43,20.57,20.39,20.26,FJI
Finland,8.74,9.33,11,9.35,8.82,8.51,8.08,11.29,10.41,11.02,11.35,10.75,12.06,12.93,12.37,12.68,13.76,12.39,12.97,13.04,12.75,13.069999999999999,14.15,14.09,14.66,15.049999999999999,15.33,16.09,15.57,14.69,14.41,16.009999999999998,15.32,15.66,16.71,17.1,16.21,16.490000000000002,14.97,16.91,16.08,15.629999999999999,16.51,16.41,15.57,16.58,16.62,15.94,16.37,17,16.75,16.7,16.64,FIN
France,8.87,8.79,9.17,9.56,9.620000000000001,10.09,10.35,10.69,9.66,10.1,10.3,10.09,9.709999999999999,9.98,9.61,9.73,10.43,10.69,10.639999999999999,10.7,11.110000000000001,10.71,10.96,10.72,10.950000000000001,11.290000000000001,11.93,12.81,12.22,12.780000000000001,12.6,12.5,12.530000000000001,12.59,13.12,14.32,14.22,14.96,14.8,14.55,16.1,16.92,16.47,15.71,16.43,16.78,16.119999999999997,16.48,16.7,16.94,17.07,16.540000000000003,16.77,FRA
French Polynesia,27.4,29.2,22.91,25.94,25.22,26.13,23.450000000000003,27.8,19.82,22.04,20.38,21.21,23.34,22.56,16.01,20.79,16.9,22.01,19.13,20.34,20.17,19.130000000000003,17.55,18.82,17.79,18.44,17.52,19.69,21.07,23.59,22.92,21.57,22.95,26.19,26.07,27.479999999999997,26.52,27.02,27.34,27.22,27.24,27.68,27.54,27.88,27.39,27.32,27.740000000000002,27.51,27.279999999999998,27.349999999999998,26.21,26.23,25.93,PYF
Gabon,16.53,15.530000000000001,15.370000000000001,14.29,14.120000000000001,13.65,12.32,14.25,14.540000000000001,15.05,14.82,14.74,15.93,14.6,21,18.12,20.18,20.36,23.91,25.099999999999998,24.3,24.169999999999998,21.62,25.45,24.33,22.93,23.75,22.28,19.1,18.25,19.01,18.9,24.41,20.56,21.759999999999998,25.29,24.959999999999997,26.009999999999998,23.94,22.43,21.150000000000002,16.23,17.96,19,17.94,18.22,16.790000000000003,14.41,14.86,15.149999999999999,18.19,17.419999999999998,18.5,GAB
Gambia,6.8100000000000005,7.84,7.78,7.68,8.399999999999999,6.5200000000000005,6.5,7.86,6.3500000000000005,6.81,6.890000000000001,6.03,8.3,8.34,7.63,7.9399999999999995,8.39,8.39,5.78,8.21,10.19,4.88,9.049999999999999,9.280000000000001,8.13,9.34,8.290000000000001,8.200000000000001,12.57,12.91,15.06,9.77,11.35,11.49,11.39,15.86,16.39,14.86,16.22,14.13,16.02,17.46,17.9,14.68,14.219999999999999,15.819999999999999,16.3,15.950000000000001,16.169999999999998,16.53,14.06,11.07,13.09,GMB
Georgia,NA,NA,NA,NA,NA,NA,NA,NA,NA,NA,NA,NA,NA,NA,NA,NA,NA,NA,NA,NA,NA,NA,NA,NA,NA,NA,NA,NA,NA,NA,NA,4.91,2.5,1.04,0.74,0.84,0.9299999999999999,1.26,0.77,0.54,0.5,0.65,1.14,3.2,3.64,3.5,4.890000000000001,5.4399999999999995,4.71,6.12,6.17,6.2,6.23,GEO
Germany,6.43,6.62,6.92,6.83,6.92,6.52,6.85,6.88,7.16,7.13,6.91,7.07,7.64,7.59,7.65,7.36,6.54,6.359999999999999,6.45,7.05,6.84,6.66,7.03,6.86,6.5,6.8100000000000005,6.21,6.359999999999999,6.98,7.45,6.52,6.45,5.94,6.3500000000000005,6.63,7.89,8.26,8.94,7.4,7.81,8.58,7.93,8.18,7.92,8.15,8.44,8.49,8.43,7.85,7.8999999999999995,8.08,8.01,7.33,DEU
Ghana,11.67,10.61,13.08,11.33,10.92,12.709999999999999,12.92,9.52,12.97,19.19,22.72,25.54,20.33,20.259999999999998,21.74,24.84,21.41,19.630000000000003,16.2,13.65,13.25,12.52,12.86,13.16,13.82,15.639999999999999,17.64,15.899999999999999,16.5,16.64,14.77,18.34,15.82,13.23,13.889999999999999,19.490000000000002,21.759999999999998,20.1,20.12,19.49,17.3,16.46,14.07,19.389999999999997,17.02,19.060000000000002,18.73,16.580000000000002,15.209999999999999,14.7,17.16,14.69,15.74,GHA
Greece,10.26,10.1,10.78,10.06,11.34,10.74,10.34,11.43,10.47,8.84,9.22,7.92,9.85,8.47,9.16,9.36,8.89,9.33,9.8,9.36,9.61,9.89,9.4,9.98,10.290000000000001,10.68,10.89,10.23,11.44,11.559999999999999,11.49,11.45,12.12,13.36,11.99,13.270000000000001,13.85,12.72,12.62,12.42,12.09,11.6,11.56,11.08,11.5,11.91,12.05,11.92,11.639999999999999,9.75,10.41,9.27,9.97,GRC
Grenada,14.19,16.65,17.26,18.01,18.57,20.06,16.42,13.38,20.72,20.94,24.28,24.29,21.42,21.16,21.9,24.41,26.46,25.56,19.86,19.82,13.98,14.83,15.94,18.5,19.78,21.29,22.12,21.37,20.74,21.99,23.76,21.74,20.59,16,13.94,20.189999999999998,12.67,15.34,14.23,12.39,22.14,22.189999999999998,24.29,23.48,22.57,23.35,24.91,24.97,22.98,19.31,17.83,17.83,17.66,GRD
Guatemala,0.31,0.21,0.22,0.29,0.33999999999999997,0.26,0.24,0.22999999999999998,0.25,0.25,0.25,0.33,0.37,0.48,0.55,0.44,0.37,0.65,0.77,0.5599999999999999,0.64,0.49,0.26,0.2,0.24,0.14,0.22,0.36,0.3,0.45,0.30000000000000004,0.32999999999999996,0.33,0.33,0.5,0.32,0.48000000000000004,0.6,0.6799999999999999,0.65,0.7000000000000001,1.56,1.49,0.76,1.79,1.51,1.17,1.09,0.85,0.79,0.64,0.63,0.62,GTM
Guinea,0.65,0.64,0.63,0.76,0.75,0.75,0.88,0.86,1.29,1.26,1.6400000000000001,2.12,2.4699999999999998,2.87,3.13,2.77,2.87,2.84,3.73,4.029999999999999,4.13,4.51,4.73,4.99,4.52,5.34,4.8,5,4.96,5.3500000000000005,5.9399999999999995,6.21,6.19,6.1499999999999995,6.28,5.95,5.79,6.29,7.41,6.16,6.89,5.7700000000000005,7.38,5.31,5.19,4.97,4.03,4.51,6.33,5.26,5.15,5.010000000000001,4.89,GIN
Guinea-Bissau,1.12,1.02,1.16,1,1.09,0.92,0.93,1.42,1.48,1.96,1.92,2.1,2.18,1.48,1.35,2.29,1.62,1.82,0.84,2.31,0.89,1.7,1.01,0.87,1.23,2.0300000000000002,2.38,2.35,2.54,2.09,1.76,2.64,2.31,2.32,2.5500000000000003,2.63,2.82,2.37,2.1,1.65,1.55,1.56,0.89,0.51,0.87,0.66,0.82,1.45,0.91,0.57,0.78,1.02,0.75,GNB
Guyana,15.950000000000001,13.8,14.65,15.38,15.04,15.19,15.68,15.99,17.12,17.29,13.4,9.87,10.38,13.98,12.26,13.78,22.56,23.54,22.689999999999998,21.4,22.42,22.34,24.12,26.18,26.64,25.930000000000003,25.580000000000002,25.33,24.35,25.44,27.330000000000002,28.88,30.65,32.9,32.14,32.06,33.01,29.44,30,24.21,21.26,20.1,26.38,23.21,18.65,14.3,13.42,11.72,13,16,15.25,17.02,15.46,GUY
Haiti,0.67,0.58,0.69,0.74,0.73,0.89,0.75,0.74,0.8,0.64,0.54,0.69,0.71,0.74,0.81,1.25,1.31,1.77,1.76,2.29,1.94,2.18,2.13,2.9,2.7399999999999998,2.76,2.6,2.14,2.25,2.15,1.39,1.39,1.51,1.3599999999999999,1.1400000000000001,1.17,1.34,1.51,1.55,1.28,1.5,1.08,1.35,1.61,1.62,2.2,2.3,2.39,2.63,2.02,2.8,2.76,2.7199999999999998,HTI
Honduras,0.61,0.43,0.43,0.62,0.44,0.32,0.77,1.3,0.95,0.83,0.63,0.6,0.34,0.65,0.52,0.62,0.83,0.75,0.88,0.9,0.69,0.85,0.97,0.64,1.03,1.24,1.13,1.26,0.93,1.16,1.07,1.8699999999999999,1.54,0.86,1.41,2.23,2.24,1.36,1.99,1.25,1.65,0.74,1.14,1.5,2.73,2.42,2.4,1.96,1.24,1.28,1.86,1.81,1.77,HND
Hungary,0.6,0.64,0.9,0.85,1.06,1.29,1.4300000000000002,2.54,1.5199999999999998,1.37,1.4000000000000001,1.4300000000000002,1.4800000000000002,1.3800000000000001,1.56,1.65,1.56,1.46,1.56,1.54,1.46,1.8599999999999999,2.14,1.98,1.6600000000000001,1.84,2.3600000000000003,2.31,2.1,1.8,1.4,1.32,1.27,1.46,1.34,1.33,1.57,1.6900000000000002,1.58,1.8099999999999998,1.88,1.96,2.06,2.1,2.17,2.23,2.07,2.39,2.17,2.19,2.21,2.12,2.21,HUN
Iceland,36.89,34.06,36.82,42.24,38.02,44.4,29.95,30.17,35.24,59.57,46.980000000000004,52.58,29.34,25.14,53.47,45.73,49.589999999999996,56.05,61.18,67.88,71.8,64.4,60.09,51.97,58.5,69.78,51.589999999999996,40.31,45.81,43.05,45.13,44.24,50.349999999999994,57.16,41.75,43.269999999999996,46.21,55.76,58.05,55.1,48.949999999999996,53.3,56.68,52.83,56.64,56.74,58.31,54.769999999999996,55.519999999999996,56.89,55.71,53.29,52.29,ISL
India,0.8,0.8,0.86,1.06,1.0599999999999998,1.07,1.0799999999999998,1.15,1.12,1.23,1.28,1.06,1.2,1.41,1.4,1.29,1.34,1.32,1.27,1.3,1.27,1.24,1.29,1.4300000000000002,1.35,1.33,1.26,1.3800000000000001,1.47,1.57,1.62,1.7,1.76,1.9000000000000001,1.86,2.02,2.06,2.01,1.9200000000000002,1.85,2.06,2.02,2.05,2,2.02,2.11,2.13,2.39,2.1999999999999997,2.21,2.0700000000000003,2.04,2.0100000000000002,IND
Indonesia,4.73,4.58,4.39,4.58,4.87,5.2299999999999995,5.1,4.94,5.09,5.93,5.82,5.7,5.75,5.96,5.86,6.21,6.72,6.77,7.55,7.510000000000001,7.49,7.76,8.4,8.54,8.46,8.52,8.94,8.889999999999999,9.31,9.09,9.06,9.6,10.09,11.32,10.88,12.07,10.89,11.61,11.32,12.74,13.14,12.73,12.62,12.54,13.23,13.41,14.05,14.67,14.8,15.42,16.31,16.11,15.92,IDN
Iran (Islamic Republic of),0.23,0.33999999999999997,0.27,0.19,0.24,0.23,0.16,0.33999999999999997,0.32,0.39,0.32,0.23,0.3,1.16,1.05,1.21,1.18,1.07,0.8400000000000001,0.5,0.56,0.86,0.9500000000000001,0.83,0.84,1.1,1.44,1.66,2.02,1.8800000000000001,2.15,2.56,2.56,2.14,2.49,2.31,2.18,1.77,1.78,1.98,2.1,2.23,2.82,2.75,3.01,3.21,3.33,3.01,3.12,3.6500000000000004,4.18,4.1499999999999995,4.28,IRN
Iraq,0.43,0.42,0.5,0.8099999999999999,0.63,0.54,0.39,0.56,0.67,0.9500000000000001,0.79,0.86,0.8200000000000001,0.87,0.9400000000000001,0.9099999999999999,0.8,0.79,2.11,2.1,0.7300000000000001,0.63,0.56,0.5,0.51,0.47,0.47,0.5499999999999999,0.49,0.47,0.25,0.38,0.4,0.5,0.52,0.65,0.63,0.5800000000000001,0.51,0.42000000000000004,0.64,0.48,0.3,0.45,0.67,1.21,1.19,1.19,1.18,1.0999999999999999,1.1300000000000001,1.36,1.1700000000000002,IRQ
Ireland,3.54,3.5999999999999996,4.1,4.37,5.2,5.0200000000000005,5.35,4.71,4.87,5.61,4.92,5.54,4.59,6.24,6.7,8.91,7.45,8.709999999999999,5.7700000000000005,9.07,7.61,8.95,7.07,6.83,8.19,10.58,9.290000000000001,8.2,7.54,7.6499999999999995,5.93,7.39,7.48,7.85,10.25,8.6,10.76,10.84,11.44,11.370000000000001,11.53,10.63,10.18,9.94,9.23,9.51,10.6,10.01,9.73,10.34,10.209999999999999,10.1,10,IRL
Israel,8.24,8.58,7.79,6.82,7.119999999999999,8.02,7.51,7.890000000000001,6.62,7.01,8.17,7.41,7.2,7.01,6.34,6.39,6.65,6.63,8.44,7.65,7.06,6.39,6.94,6.79,7.52,9.209999999999999,8.82,8.29,8.76,8.61,8.95,9.08,9.209999999999999,8.35,9.42,8.610000000000001,9.18,9.15,8.71,8.23,9.040000000000001,8.55,8.77,9.38,8.53,7.699999999999999,9.21,8.629999999999999,8.23,8.58,9.29,8.5,9.98,ISR
Italy,6.7299999999999995,6.49,6.54,7.15,7.69,7.7,7.44,7.34,7.43,7.69,7.69,7.49,7.52,7.33,7.05,7.8,7.45,7.66,8.15,8.48,7.640000000000001,8.49,8.99,9.52,10.799999999999999,10.31,11.35,11.24,11.85,11.86,12.67,12.08,11.45,11.709999999999999,11.41,11.6,11.54,12.360000000000001,12.42,12.440000000000001,13.620000000000001,13.29,13.55,13.1,13.86,13.709999999999999,13.54,12.99,13.3,13.41,13.370000000000001,13.06,12.94,ITA
Jamaica,20.97,21.56,24.91,21.42,20.11,22.24,21.22,21.93,19.95,16.05,15.84,23.59,16.38,14.22,16.09,14.12,9.49,11.77,12.43,10.2,11.059999999999999,11.709999999999999,10.85,12.3,9.49,11.209999999999999,10.3,11.4,12.03,10.48,9.270000000000001,8.540000000000001,9.799999999999999,9.86,10.29,11.03,11.069999999999999,11.39,12.719999999999999,11.41,13.350000000000001,13.91,13.91,13.84,14.5,15.24,16.15,14.51,13.95,13,13.27,13.200000000000001,13.14,JAM
Japan,31.639999999999997,32.31,32.92,27.330000000000002,33.58,34.62,36.23,37.99,37.06,37.82,40.04,39.47,41.23,41.76,41.98,47.94,45.88,47.419999999999995,45.480000000000004,45.6,46.15,46.37,49.04,49.2,50.15,49.79,52.04,51.78,52.93,51.98,49.47,48.45,49.96,50.84,49.5,47.1,45.4,45.11,44.61,47.13,49.089999999999996,45.86,45.730000000000004,41.94,41.96,39.4,38.230000000000004,38.32,35.97,35.4,34.57,34.67,33.25,JPN
Jordan,1,0.96,1.12,0.96,0.98,0.79,0.6,0.68,0.81,0.72,1.08,0.82,1.3,1.54,1.44,1.36,1.7,1.85,1.58,1.86,1.8,2.09,2.32,2.4,3.22,1.78,2.94,1.62,1.74,1.66,1.83,1.71,2.2399999999999998,1.76,2.13,2.58,1.8900000000000001,2.17,1.9000000000000001,1.8900000000000001,2.27,2.4,2.48,2.9,2.55,3.0700000000000003,3.2199999999999998,3.68,3.67,3.48,2.91,2.8,2.7,JOR
Kazakhstan,NA,NA,NA,NA,NA,NA,NA,NA,NA,NA,NA,NA,NA,NA,NA,NA,NA,NA,NA,NA,NA,NA,NA,NA,NA,NA,NA,NA,NA,NA,NA,1.32,1.16,0.88,0.91,1.2000000000000002,0.83,0.74,1.3599999999999999,2.13,1.83,1.68,1.49,1.53,1.95,2.06,2.9,3.3,2.31,2.55,2.72,2.68,2.65,KAZ
Kenya,0.73,0.9099999999999999,0.9500000000000001,0.9600000000000001,0.9700000000000001,1.09,0.9900000000000001,0.93,1.02,1.26,0.9099999999999999,0.9,0.79,0.92,0.71,0.96,0.99,1.03,1.02,0.99,1.07,1.4700000000000002,1.6700000000000002,1.49,1.6500000000000001,1.78,1.79,1.75,1.75,2.29,2.09,1.59,1.6700000000000002,1.9700000000000002,1.81,1.6300000000000001,1.5,1.66,1.93,1.92,1.47,1.08,0.89,1.03,1.21,1.3199999999999998,1.03,1.01,0.9500000000000001,1.02,1.34,1.3,1.27,KEN
Kiribati,25.42,26.31,26.2,28.56,30.2,32.35,32.11,32.74,32.51,31.7,32,31.8,32.08,34.37,33.88,34.76,33.95,35.81,35.959999999999994,36.6,34.42,34.36,36.52,41.49,42.03,42.08,42.85,42.47,43.18,42.87,43.39,44.4,45.34,45.089999999999996,43.86,43.26,42.33,42.86,42.18,42.04,41.86,41.99,41.79,41.4,42.53,41.79,39.49,38.01,43.54,44.3,45.32,44.43,43.99,KIR
Kuwait,5.16,5.12,3.95,5.49,5.1000000000000005,5.28,5.31,4.97,5.2,4.38,4.6,3.5500000000000003,3.02,4.26,4.0600000000000005,3.81,6.43,4.69,4.3100000000000005,6.62,4.53,6.05,5.74,6.430000000000001,6.12,5.68,5.569999999999999,5.97,5.1000000000000005,2.1,1.5899999999999999,4.1,4.61,4.99,5.98,6.0200000000000005,4.95,5.21,5.42,5.68,5.15,4.51,6.02,5.36,5.56,6.11,6.7299999999999995,5.9399999999999995,7.91,9.1,7.4,6.6,7.1,KWT
Kyrgyzstan,NA,NA,NA,NA,NA,NA,NA,NA,NA,NA,NA,NA,NA,NA,NA,NA,NA,NA,NA,NA,NA,NA,NA,NA,NA,NA,NA,NA,NA,NA,NA,0.06,0.02,0.14,0.11000000000000001,0.18000000000000002,0.33999999999999997,0.6,0.47000000000000003,0.54,0.48,0.58,0.8,0.85,0.9,1.1,1.41,1.41,1.09,1.21,1.3399999999999999,1.3399999999999999,1.31,KGZ
Land Locked Developing Countries,0.79,0.9400000000000001,1.04,1.03,1.08,1.1800000000000002,1.2,1.25,1.35,1.49,1.5299999999999998,1.65,1.6,1.49,1.53,1.4000000000000001,1.59,1.59,1.4400000000000002,1.5099999999999998,1.36,1.31,1.28,1.37,1.25,1.35,1.4000000000000001,1.35,1.37,1.4300000000000002,1.28,1.21,0.88,0.89,0.9099999999999999,0.88,0.9,0.84,0.92,1,0.91,0.89,0.9400000000000001,1.04,1.1099999999999999,1.09,1.2,1.25,1.25,1.34,1.48,1.45,1.42,NA
Lao People's Democratic Republic,1.65,2.64,2.31,1.97,2.17,2.48,2.43,2.48,2.2399999999999998,2.35,2.23,2.33,2.15,2.1399999999999997,2.31,2.12,2.1,2.08,2.24,2.2,2.16,2.11,2.23,2.17,2.11,2.05,2.15,2.09,2.03,1.97,1.98,1.99,2.05,2.7199999999999998,2.9400000000000004,2.5700000000000003,2.7,2.57,3.67,4.38,4.83,5.38,5.45,5.3999999999999995,4.8999999999999995,4.76,4.890000000000001,4.87,5.3100000000000005,5.590000000000001,6.31,6.18,6.07,LAO
Latvia,NA,NA,NA,NA,NA,NA,NA,NA,NA,NA,NA,NA,NA,NA,NA,NA,NA,NA,NA,NA,NA,NA,NA,NA,NA,NA,NA,NA,NA,NA,NA,21.39,17.1,18.490000000000002,15.940000000000001,15.64,12.97,10.49,10.93,7.58,6.96,5.64,5.26,7.9799999999999995,7.95,8.69,12.09,14.56,16.48,16.16,14.91,12.64,13.86,LVA
Least Developed Countries,2.49,2.58,2.56,2.74,2.8099999999999996,2.81,2.89,2.95,2.9200000000000004,3.04,3.05,3.11,3.18,3.0799999999999996,2.9699999999999998,3.03,3.14,3.06,2.91,2.95,2.96,2.98,3.04,3.08,3.12,3.24,3.21,3.2800000000000002,3.25,3.1700000000000004,2.92,3,3,2.83,2.8099999999999996,2.6799999999999997,2.96,2.89,3.12,3.29,3.42,3.45,3.63,3.82,3.7800000000000002,3.99,4.13,4.3100000000000005,4.680000000000001,4.81,4.99,4.92,4.83,NA
Lebanon,2.24,2.3,2.38,2.05,2.1,2,2.1999999999999997,2.32,2.09,1.94,2.08,1.98,2.0700000000000003,2.2,2,2.06,3.17,0.41,0.4,0.41,0.37,0.33999999999999997,0.33999999999999997,0.31,0.36,0.4,0.4,0.39,0.39,0.33,1.98,1.6099999999999999,1.93,2.38,2.66,3.79,4.84,4.28,4.34,3.82,4.87,4.05,4.03,4.67,4.27,4.79,4.75,4.9399999999999995,5.45,6.1000000000000005,5.69,5.5,5.29,LBN
Lesotho,0,0,0,0,0,0,0,0,0,0,0,0,0,0,0.01,0.01,0.01,0.01,0.71,1.31,1.32,1.59,2.1500000000000004,1.66,1.54,1.43,1.41,0.01,0.01,0.01,0,0.01,0.01,0.01,0.01,0.01,0.01,0.01,0.01,0.4,0.55,1.08,0.6799999999999999,0.45,0.37,0.37,0.42,0.47,0.52,0.48000000000000004,0.46,0.46,0.46,LSO
Liberia,4.34,4.32,3.59,3.31,3.83,5.45,5.4,5.46,5.33,6.6000000000000005,7.03,5.7,7.39,7.54,7.52,7.03,7.69,7.33,8.94,6.83,6.1,6.7299999999999995,7.98,8.67,6.6,7.39,7.54,7.37,7.01,4.4,3.95,2.74,2.02,2.05,2.34,2.29,2.29,2.56,3.04,2.71,2.04,1.8499999999999999,2.11,2.38,2.19,1.69,2.35,1.8900000000000001,1.71,2.14,2.2,2.13,2.08,LBR
Lithuania,NA,NA,NA,NA,NA,NA,NA,NA,NA,NA,NA,NA,NA,NA,NA,NA,NA,NA,NA,NA,NA,NA,NA,NA,NA,NA,NA,NA,NA,NA,NA,15.639999999999999,15.03,10.49,8.1,18.56,12.44,13.01,17.77,20.66,24.03,26.150000000000002,24.759999999999998,28.2,28.110000000000003,28.06,32.25,31.01,30.93,31.700000000000003,31.96,32.12,32.24,LTU
Low Income Food Deficit Countries,1.47,1.47,1.6,1.77,1.79,1.8499999999999999,1.84,1.8399999999999999,1.84,1.95,2.1,2.0300000000000002,2.1,2.25,2.28,2.37,2.39,2.44,2.38,2.36,2.48,2.45,2.31,2.2399999999999998,2.15,2.21,2.25,2.27,2.36,2.34,2.25,2.24,2.29,2.2,2.21,2.39,2.4499999999999997,2.4699999999999998,2.4299999999999997,2.3600000000000003,2.5,2.4499999999999997,2.54,2.62,2.63,2.84,2.95,3.01,2.93,2.94,3,2.9099999999999997,2.88,NA
Luxembourg,NA,NA,NA,NA,NA,NA,NA,NA,NA,NA,NA,NA,NA,NA,NA,NA,NA,NA,NA,NA,NA,NA,NA,NA,NA,NA,NA,NA,NA,NA,NA,NA,NA,NA,NA,NA,NA,NA,NA,11.549999999999999,12.450000000000001,12.5,13.12,11.71,11.33,12.129999999999999,12.379999999999999,12.32,12.370000000000001,13.66,13.78,15.1,14.8,LUX
Madagascar,2.08,2.08,2.38,2.78,2.8200000000000003,3.8,3.7199999999999998,3.91,2.91,2.9099999999999997,3.03,2.8899999999999997,3.18,3.02,2.84,2.85,2.88,2.67,2.61,2.5,2.4899999999999998,2.41,2.78,2.95,2.9,3.5,3.67,4.12,4.04,4.1,3.71,4.23,4.1000000000000005,3.22,2.94,2.6,4.08,3.57,3.74,3.94,3.0900000000000003,3.47,3.52,3.33,3.4499999999999997,3.48,3.8000000000000003,2.94,3.19,2.88,2.5100000000000002,2.45,2.38,MDG
Malawi,1.19,1.57,1.71,1.62,2.53,2.36,2.13,2.32,2.57,3.13,3.79,4.21,4.0200000000000005,4.01,3.6799999999999997,3.99,3.4099999999999997,3.35,2.8099999999999996,2.8299999999999996,2.1999999999999997,2.48,2.8699999999999997,2.73,2.51,2.7899999999999996,3.17,2.69,2.3099999999999996,2.3299999999999996,1.95,2.11,2.05,1.77,1.6,1.86,1.65,1.16,1.31,1.54,1.08,1.06,1.3800000000000001,1.41,1.43,1.83,1.6700000000000002,1.88,1.6500000000000001,2.18,1.76,2.5100000000000002,2.27,MWI
Malaysia,12.370000000000001,12.83,13.37,11.76,11.17,13.040000000000001,15.02,16.09,14.690000000000001,13.040000000000001,13.66,12.07,15.45,19.29,17.81,18.41,24.029999999999998,24.62,24.580000000000002,21.71,23.31,24.59,24.37,27.96,25.57,25.06,25.56,24.41,24.87,26.669999999999998,27.19,28.66,27.29,28.95,32.25,30.54,32.49,31.25,35.61,35.5,33.4,35.72,32.96,30.79,31.900000000000002,32.52,33.62,32.77,32.42,32.96,31.71,33.79,33.11,MYS
Maldives,7.72,10.41,10.2,12.68,46.72,47.91,54.82,51.25,47.7,77.08,59.53,52.42,66.02,66.17,61.46,63.64,48.510000000000005,57.44,49.52,53.28,62.7,58.84,79.76,94.08,97.06,81.74,79.74,95.48,67.3,59.88,59.9,86.92,102.9,113.03,91.00999999999999,88.68,93.48,103.66,116.52,110.26,114.05,117.66,82.52,75.77000000000001,103.39,66.51,87.86999999999999,83.82000000000001,99.02,122.75,119.64,119.83,121.61,MDV
Mali,2.29,2.9,2.8,2.56,2.53,2.94,2.89,2.95,3.02,3.0399999999999996,3.07,2.98,3.4,2.9499999999999997,2.9,3,3.11,3.18,3.46,3.48,2.97,2.9,2.45,2.18,2.22,2.38,2.36,2.2199999999999998,2.75,2.8000000000000003,2.64,2.58,2.4,2.1599999999999997,4.329999999999999,3.2,2.7899999999999996,2.73,2.73,2.8200000000000003,2.58,2.6,2.74,2.69,2.84,2.87,2.6599999999999997,2.5,2.48,2.5700000000000003,2.77,2.0500000000000003,2.46,MLI
Malta,6.6,6.5,6.7700000000000005,6.26,5.35,5.6,6.56,5.38,5.9,6.68,6.7,7.3100000000000005,7.3,8.68,6.88,7.99,9.54,9.47,9.84,15.24,11.01,7.36,7.25,7.1899999999999995,10.56,9.16,8.7,8.56,12.08,7.92,9.17,10.43,8,10.78,13.049999999999999,12.88,13.799999999999999,14.86,15.850000000000001,14.88,15.98,15.31,16.27,17.37,16.9,17.25,16.82,17.259999999999998,16.14,15.71,15.39,15.85,16.4,MLT
Mauritania,8.83,7.24,8.24,8.63,5.72,2.31,3.35,2.26,2.19,5.01,5.04,4.93,5.73,4.25,3.71,3.0900000000000003,3.1900000000000004,4.2,3.01,2.6,3.8899999999999997,4.0600000000000005,4.06,4.37,3.9099999999999997,4.25,4.21,3.71,4.26,3.3800000000000003,3.98,4.04,4.16,3.73,3.31,3.32,4.67,3.54,3.3899999999999997,4.78,4.49,5.18,5.25,5.47,5.11,4.14,5.37,3.6,4.359999999999999,5.05,4.92,4.8100000000000005,4.6899999999999995,MRT
Mauritius,6.69,7.36,6.53,7.52,6.970000000000001,7.38,6.94,6.93,6.64,6.95,6.6899999999999995,8.65,9.48,11.049999999999999,10.04,10.88,12.39,12.14,11.47,10.64,12.07,9.33,8.77,9.04,7.76,8.82,9.2,9.790000000000001,10.33,11.57,13.12,11.32,10.78,9.69,10.19,10.24,11.04,11.23,9.5,13.57,11.22,11.66,11.2,11.92,11.66,11.889999999999999,11.08,12.71,12.4,12.84,13.47,14.26,14.64,MUS
Melanesia,10.62,11.08,12.290000000000001,12.37,11.77,12.88,14.58,14.32,14.24,14.87,16.650000000000002,15.99,17.77,16.83,16.88,19.69,15.88,18.88,21.05,21.76,22.34,23.33,19.44,20.27,22.43,21.99,18.27,20.14,20.56,19.64,20.84,16.349999999999998,17.19,15.99,16.73,15.82,17.15,17.67,16.419999999999998,16.740000000000002,16.87,17.7,19.73,19.78,19.26,19.22,19.53,20.32,20.01,19.43,19.86,19.8,19.509999999999998,NA
Mexico,1.0899999999999999,1.05,1.43,1.48,1.56,1.52,1.74,1.65,1.82,2.2399999999999998,2.04,2.1,2.18,1.92,2.38,1.8699999999999999,2.11,3.51,4.41,5.19,6.8,5.93,4.6499999999999995,4.82,4.65,4.66,4.94,5.14,5.15,5.93,5.72,5.57,5.51,5.72,5.06,5.76,6.47,5.050000000000001,5.08,5.34,5.45,6.05,5.66,5.67,6.23,6.5,6.95,7.25,6.8,6.98,5.89,5.81,5.739999999999999,MEX
Micronesia,25.42,26.31,26.2,28.56,30.2,32.35,32.11,32.74,32.51,31.7,32,31.8,32.08,34.37,33.88,34.76,33.95,35.81,35.959999999999994,36.6,34.42,34.36,36.52,41.49,42.03,42.08,42.85,42.47,43.18,42.87,43.39,44.4,45.34,45.089999999999996,43.86,43.26,42.33,42.86,42.18,42.04,41.86,41.99,41.79,41.4,42.53,41.79,39.49,38.01,43.54,44.3,45.32,44.43,43.99,NA
Middle Africa,4.76,4.63,4.34,5.11,4.86,5.03,5.43,5.82,5.68,5.94,5.08,4.55,4.21,4.1899999999999995,4.1,5.26,6.12,6.08,6.32,6.2700000000000005,6.37,8.38,8.46,9.31,10,10.13,9.31,9.299999999999999,8.610000000000001,7.83,5.67,6.1,6.0200000000000005,5.72,5.69,5.8999999999999995,5.84,5.57,6.09,6.3,7,6.38,6.31,6.53,6,6.1000000000000005,6.680000000000001,6.95,7.39,6.63,7.41,7.08,6.859999999999999,NA
Mongolia,0.08,0.07,0.08,0.08,0.08,0.11,0.11,0.11,0.11,0.12,0.11,0.1,0.12,0.12,0.2,1.3,0.53,0.87,0.88,0.78,0.64,0.51,0.5800000000000001,0.76,0.6000000000000001,0.9199999999999999,0.77,0.74,0.65,0.62,0.01,0.02,0.04,0.02,0.03,0.02,0.06,0.02,0.04,0.16,0.26,0.2,0.22,0.11,0.16,0.14,0.31,0.39,0.33999999999999997,0.45,0.61,0.6,0.59,MNG
Montenegro,NA,NA,NA,NA,NA,NA,NA,NA,NA,NA,NA,NA,NA,NA,NA,NA,NA,NA,NA,NA,NA,NA,NA,NA,NA,NA,NA,NA,NA,NA,NA,NA,NA,NA,NA,NA,NA,NA,NA,NA,NA,NA,NA,NA,NA,3.85,4.92,5.5600000000000005,5.04,5.2299999999999995,5.42,5.07,5.53,MNE
Morocco,0.69,0.89,1.19,1.26,1.42,1.29,1.04,1.05,1.47,1.56,3.08,3.8,3.06,2.72,2.21,3.0300000000000002,3.13,5.17,5.37,5.69,5.76,5.39,5.27,5.32,6.430000000000001,6.65,5.71,4.2,4.14,4.7,4.29,5.529999999999999,4.91,5.6499999999999995,4.640000000000001,3.7399999999999998,4.1499999999999995,4.12,4.54,4.85,5.2,5.84,6.54,6.52,7.6,7.35,6.96,7.05,7.9399999999999995,9.44,9.22,11.129999999999999,11.65,MAR
Mozambique,2.59,2.5700000000000003,2.25,2.37,2.6100000000000003,2.64,2.6700000000000004,3.07,3.11,3,3.0100000000000002,2.52,2.36,1.91,1.5499999999999998,1.8900000000000001,1.68,1.8599999999999999,2.15,2.38,2.15,2.29,2.5900000000000003,2.08,1.93,2.2199999999999998,2.17,2.06,1.64,1.76,1.3599999999999999,1.3499999999999999,0.91,0.78,0.83,1.01,0.79,0.51,0.52,0.85,0.8200000000000001,0.72,2.44,2.16,2.2800000000000002,2.58,2.19,2.9699999999999998,3.4,3.61,4,3.9099999999999997,3.8,MOZ
Myanmar,8.540000000000001,8.24,7.89,7.56,7.3100000000000005,6.95,6.8100000000000005,6.92,6.99,6.69,6.68,6.699999999999999,6.6899999999999995,6.04,6.6899999999999995,6.82,6.89,7.03,7.16,7.140000000000001,7.380000000000001,6.640000000000001,6.6,6.84,7.1499999999999995,7.67,7.1899999999999995,7.31,7.73,7.5200000000000005,7.15,7.19,6.9,6.859999999999999,6.08,4.859999999999999,6.47,6.8,6.93,8.29,8.59,8.88,8.950000000000001,11.29,10.22,12.91,14.530000000000001,16.72,18.220000000000002,19.26,21.21,21.03,20.84,MMR
Namibia,5.3,6.42,5.14,4.24,4.14,4.04,3.92,3.82,3.72,4.6,4.46,4.32,4.1899999999999995,4.08,4.28,4.67,5.1000000000000005,5.16,5.46,5.48,5.56,5.6000000000000005,5.81,5.91,5.76,5.73,5,4.57,4.58,4.55,4.6000000000000005,5,5.359999999999999,5.14,5.78,6.74,6.69,6.65,6.77,7.25,7.02,7.01,7.54,7.67,7.9,7.55,8.18,7.15,7.1,7.12,6.12,6,5.89,NAM
Nepal,0.05,0.05,0.04,0.05,0.05,0.04,0.05,0.05,0.05,0.05,0.05,0.05,0.05,0.05,0.06,0.06,0.07,0.07,0.07,0.08,0.08,0.09,0.09,0.09,0.19,0.17,0.19,0.22,0.21,0.24,0.25,0.26,0.26,0.25,0.31,0.32,0.32,0.33,0.34,0.41,0.42,0.44,0.45,0.48,0.51,0.54,0.56,0.6,0.64,0.62,0.74,0.73,0.72,NPL
Net Food Importing Developing Countries,2.65,2.77,2.81,3.03,2.88,3.1,3.04,3.06,3.06,3.03,3.11,3.19,3.3000000000000003,3.15,3.09,3.21,3.28,3.3600000000000003,3.33,3.4099999999999997,3.39,3.37,3.3200000000000003,3.46,3.5300000000000002,3.76,3.7,3.7199999999999998,3.68,3.6999999999999997,3.3499999999999996,3.46,3.44,3.4,3.47,3.45,3.6,3.6199999999999997,3.84,3.94,4.09,4.02,4.220000000000001,4.36,4.17,4.35,4.49,4.56,4.86,4.99,5.09,5.11,5.01,NA
Netherlands,6.61,5.57,8.270000000000001,7.880000000000001,6.68,7.63,7.409999999999999,6.89,7.64,7.84,7.42,7.36,7.2,7.31,7.55,5.6,6.25,5.970000000000001,5.04,5.45,6.52,6.53,6.32,6.09,6.15,5.56,5.779999999999999,6.47,6.81,5.4399999999999995,6.359999999999999,6.64,7.73,7.859999999999999,9.48,10.06,8.68,11.36,13.379999999999999,13.56,13.81,12.43,12.58,13.350000000000001,14.19,13.27,13.87,12.27,12.82,13.790000000000001,14.08,14.719999999999999,13.07,NLD
Netherlands Antilles (former),11.52,13.62,17.42,12.87,14,14.1,14.08,15.04,13.15,15.42,14.44,13.82,14,17.150000000000002,14.18,14.74,14.14,15.28,16.48,16.76,16.58,17.72,18.22,17.76,12.86,13.66,15.48,13.979999999999999,15.379999999999999,17.18,11.49,12.389999999999999,12.7,11.07,14.38,9.9,11.75,11.58,14.36,13.62,13.6,11.12,13.31,13.38,10.57,12.31,11.28,12.5,14.49,14.01,NA,NA,NA,NA
New Caledonia,2.72,4.78,6.67,5.09,4.5,4.22,2.8899999999999997,2.8,2.74,2.64,2.54,2.42,3.7,3.84,3.68,12.64,12.9,8.9,10.7,11.13,11.43,13.42,11.78,10.76,11.96,10.67,13.43,10.44,12.57,14.73,14.58,12.65,9.77,11.52,10.76,12.41,10.58,13.2,11.98,12.19,12.98,12.01,10.93,11.879999999999999,11.540000000000001,12.75,12.69,14.700000000000001,13.18,13.9,14.790000000000001,14.620000000000001,14.459999999999999,NCL
New Zealand,7.88,8.38,7.96,6.8,6.8,7.45,7.62,6.67,5.96,5.99,7.2,4.74,5.77,5.46,4.98,5.49,5.75,7.79,6.4799999999999995,6.66,5.27,7.01,7.64,7.6899999999999995,6.28,5.95,9.48,6.85,10.45,11.51,10.100000000000001,9.69,10.22,10.209999999999999,13.47,10.03,13.35,12.860000000000001,12.1,11.82,14.379999999999999,15.39,14.77,15.83,15.6,14.290000000000001,16.71,14.94,14.54,13.56,13.81,12.01,12.51,NZL
Nicaragua,1.24,0.99,1.1800000000000002,1.18,1.6,1.4300000000000002,1.58,1.55,1.2000000000000002,1.21,1,1.1600000000000001,1.68,0.7,0.9,0.77,1.43,1.99,0.75,0.47,0.33999999999999997,0.55,0.55,0.45999999999999996,0.35,0.19,0.5,0.43,0.33,0.19,0.59,0.75,0.59,0.33,0.43,0.67,0.62,1.53,1.67,1.75,1.96,2.06,1.47,1.39,2.3,3,2.39,2.64,3.13,2.94,2.67,2.64,2.6,NIC
Niger,0.02,0.15,0.58,0.44,0.37,0.3,0.18000000000000002,0.22,0.09999999999999999,0.060000000000000005,0.060000000000000005,0.73,0.66,0.51,0.37,0.3,0.23,0.49,0.16,0.55,0.6000000000000001,0.44999999999999996,0.21,0.26,0.15,0.2,0.2,0.17,0.38,0.24,0.24,0.17,0.09,0.11,0.18,0.19,0.27,0.22999999999999998,0.25,0.4,0.22,0.13999999999999999,1.05,1.03,1.05,0.67,0.66,0.66,0.67,0.8500000000000001,1.01,0.88,0.8300000000000001,NER
Nigeria,2.04,1.81,2.5100000000000002,2.7800000000000002,2.46,2.37,2.13,1.48,1.31,1.79,2.54,2.68,2.71,2.75,3.48,4.38,4.71,6,6.87,6.8500000000000005,8.77,8.63,6.03,3.8800000000000003,2.89,2.8200000000000003,3.98,3.4299999999999997,4.02,4.43,4.09,2.89,3.29,2.65,3.21,3.93,3.8000000000000003,4.47,4.21,3.64,4.84,4.36,4.81,5.36,5.64,7.72,9.08,7.760000000000001,6.58,6.83,7.859999999999999,7.6499999999999995,7.44,NGA
Northern Africa,1.3499999999999999,1.42,1.31,1.34,1.22,1.38,1.14,1.08,1.13,1.06,1.43,1.58,1.42,1.56,1.5999999999999999,1.9000000000000001,1.82,2.27,2.29,2.4499999999999997,2.65,2.64,2.7800000000000002,2.81,3.02,3.14,3.04,2.94,2.9,3.08,2.81,3.18,2.94,3.48,3.21,3.29,3.26,3.66,4.05,4.22,4.44,4.29,4.6000000000000005,4.71,4.92,5.24,5.22,5.069999999999999,5.23,5.97,5.7299999999999995,6.41,6.25,NA
Northern America,5.48,5.640000000000001,5.43,5.390000000000001,5.58,6.03,5.39,5.84,5.66,6.13,5.91,6.62,6.890000000000001,6.62,5.95,7.18,6.94,7.33,7.29,7.04,7.35,7.02,7.45,7.7,7.96,8.26,9.19,8.39,9.65,9.35,9.16,9.32,9.8,9.56,9.5,9.24,9.21,9.56,9.57,9.43,8.96,9.31,9.85,10.17,9.81,10.01,9.31,9.27,9.06,9.15,9.14,9.03,8.98,NA
Northern Europe,10.540000000000001,10.9,10.78,11.65,11.69,11.06,11.049999999999999,11.78,11.52,11.73,11.18,11,11.01,10.46,10.45,11.17,11.11,10.69,10.42,10.31,10.56,11.01,10.56,10.87,11.25,11.36,11.56,11.65,11.8,11.36,11.24,12.07,11.96,11.95,11.51,11.77,12.28,11.85,12.030000000000001,12.11,12.520000000000001,12.51,12.27,12.66,12.59,13.09,13.549999999999999,13.03,12.73,13.03,12.89,12.82,12.98,NA
Norway,22.24,22.32,22.47,22.17,22.509999999999998,22.66,20.25,25.03,23.12,24.32,21.23,22.92,25.72,20.720000000000002,24.87,25.2,26.86,29.29,28.74,30.11,27.62,28.01,27.73,28.82,28.22,27.68,30.580000000000002,27.93,29.560000000000002,27.44,26.65,28.32,28.169999999999998,30.36,26.94,29.64,28.54,32.67,30.11,29.98,27.89,27.27,26.04,27.150000000000002,27.97,27.419999999999998,28.26,29.419999999999998,29.849999999999998,29.3,28.99,29.1,27.45,NOR
Oceania,6.55,6.14,5.45,6.29,6.13,6.92,6.66,6.55,6.49,6.51,7.12,6.22,7.15,7.95,6.83,7,7.34,7.39,7.21,7.8500000000000005,8.47,8.530000000000001,7.99,8.93,9.01,8.99,9.73,9.34,9.8,10.34,10.12,10.25,10.120000000000001,10.03,10.14,10.04,10.43,10.35,10.35,10.61,10.96,11.53,12.35,13.65,12.67,12.51,12.959999999999999,12.629999999999999,12.25,12.530000000000001,12.469999999999999,12.360000000000001,12.52,NA
Oman,NA,NA,NA,NA,NA,NA,NA,NA,NA,NA,NA,NA,NA,NA,NA,NA,NA,NA,NA,NA,NA,NA,NA,NA,NA,NA,NA,NA,NA,9.88,9.5,10.12,11.33,10.18,11.68,12.77,14.209999999999999,11.6,13.28,12.32,14.840000000000002,14.04,15.8,15.32,14.81,15.31,15.75,17.47,15.610000000000001,14.6,13.73,12.53,11.43,OMN
Pakistan,0.44,0.44,0.6799999999999999,0.81,0.8200000000000001,1,0.96,0.9,1,0.61,0.65,0.56,0.56,0.58,0.6599999999999999,0.88,1.12,1.21,0.93,0.78,1.02,1.02,0.96,1,1.01,0.95,0.94,0.9199999999999999,0.85,0.92,0.97,0.9800000000000001,1.19,0.95,0.9,0.9400000000000001,1.01,1.07,1.08,1.02,0.91,0.97,1.01,1.1,0.7999999999999999,0.8,0.76,0.73,0.75,0.77,0.82,0.8099999999999999,0.7999999999999999,PAK
Panama,4.86,5.48,4.92,4.59,5.2700000000000005,5.46,4.14,3.91,5.55,6.81,6.36,6.87,8.34,10.08,11.52,11.35,11.290000000000001,11.19,10.58,9.93,5.91,8.89,7.37,7.43,8.16,9.57,9.31,6.68,7.73,6.42,10.08,10.989999999999998,8.610000000000001,8.23,7.53,8.73,6.84,6.19,5.74,7.44,8.14,8.31,8.790000000000001,7.6499999999999995,9.15,8.73,9.44,9.459999999999999,9.73,9.99,10.05,9.86,9.71,PAN
Paraguay,0.09,0.09,0.1,0.1,0.1,0.09,0.1,0.13,0.17,0.22,0.26,0.29,0.3,0.29,0.3,0.3,0.3,0.31,0.3,0.38,0.38,0.34,0.37,0.51,0.67,1.04,0.8,0.79,0.85,0.9500000000000001,1.01,1.31,1.4400000000000002,1.5499999999999998,1.53,1.75,2.0300000000000002,1.93,1.76,1.71,1.57,1.44,1.36,1.4000000000000001,1.35,1.26,1.31,1.41,1.3099999999999998,1.25,1.26,1.2500000000000002,1.2300000000000002,PRY
Peru,7.91,7.66,6.3,6.2,4.57,6.1499999999999995,7.22,5.93,5.85,6.09,6.41,6.78,12.02,8.16,6.67,6.69,8.24,8.64,10.93,9.93,8.22,6.67,4.8500000000000005,7.95,7.68,11.86,10.6,10.12,12.36,12.73,7.16,7.94,8.28,8.88,10.41,9.9,10.6,7.53,8.96,10.97,12.49,10.709999999999999,13.03,11.37,10.370000000000001,10.5,11.4,11.59,11.950000000000001,11.01,11.01,10.870000000000001,10.74,PER
Philippines,16.23,15.03,16.16,16.62,17.63,17.73,18.55,21.41,20.15,21.77,21.84,22.94,22.04,22.45,23.54,18.05,19.4,18.34,17.35,16.7,17.38,17.830000000000002,19.259999999999998,18.18,17.05,17.42,17.580000000000002,17.91,18.439999999999998,18.95,19.34,19.03,17.94,17.23,17.52,15.59,15.870000000000001,14.86,16.09,15.62,15.61,16.25,16.48,16.66,17.78,17.69,18.94,18.63,19.28,18.36,16.87,16.59,16.29,PHL
Poland,5.720000000000001,5.13,6.09,6.97,7.260000000000001,7.29,6.68,7.590000000000001,7.07,8.25,9,8.98,9.31,9.73,11.04,12.17,10.42,11.04,10.26,10.34,10.34,9.38,10.41,10.299999999999999,10.540000000000001,9.6,10.22,9.93,9.24,7.33,6.62,7.52,6.84,7.98,8.51,7.96,8.2,8.639999999999999,8.06,8.5,8.74,7.73,8.15,8.45,9.9,9.92,10.21,10.32,10.69,9.83,9.45,10.26,10.43,POL
Polynesia,22.11,22.78,19.8,20.84,20.23,20.6,19.25,21.36,16.990000000000002,18.68,20.56,18.98,18.31,18.74,15.9,21.66,19.85,18.57,23.29,22.3,27.03,24.349999999999998,21.18,22.89,23.54,20.92,23.12,24.1,25.11,24.78,24.55,25.29,25.450000000000003,25.97,26.29,29.450000000000003,27.29,27.96,29.96,29.25,28.97,28.68,28.39,27.31,27.06,26.12,26.13,26.95,26.69,26.43,25.55,25.46,25.23,NA
Portugal,24.76,23.52,24.18,26.77,25.47,24.7,30.51,24.22,25.47,26.92,28.830000000000002,28.42,24.5,24.080000000000002,20.41,21.6,20.57,14.94,13.83,15.83,16.5,16.2,20.61,23.06,28.31,28.16,29.6,29.85,29.380000000000003,29.81,30.68,29.25,29.92,29.2,29.46,31.41,28.7,31.23,30.27,26.79,28.31,28.16,27.009999999999998,27.43,28.19,29.88,31.54,29.6,29.54,29.04,28.41,26.169999999999998,26.31,PRT
Republic of Korea,7.52,7.25,8.08,7.04,8.56,8.950000000000001,9.63,10.62,10.42,8.53,11.11,14.77,15.7,18.28,17.2,22.06,15.71,16.93,17.94,17.97,22.44,21.51,20.86,23.54,21.400000000000002,24.85,23.23,23.64,24.49,25.07,22.58,24.86,26.779999999999998,27.46,27.55,27.02,26.89,23.98,29.59,25.02,27.66,26.73,26.8,29.1,29.07,31.47,30.89,33.41,31.55,30.580000000000002,32.73,32.29,30.99,KOR
Republic of Moldova,NA,NA,NA,NA,NA,NA,NA,NA,NA,NA,NA,NA,NA,NA,NA,NA,NA,NA,NA,NA,NA,NA,NA,NA,NA,NA,NA,NA,NA,NA,NA,0.21,0.16,1.23,1.15,2.0100000000000002,1.76,2.2,1.74,2.43,3.9099999999999997,4,4.13,5.3100000000000005,6.22,6.16,6.25,8.06,6.58,6.38,6.11,6.16,6.22,MDA
Romania,1.02,1,1.62,1.46,1.35,1.14,1.29,1.5,1.56,2.8,2.8,2.93,2.92,2.96,3.2800000000000002,3.1999999999999997,3.17,3.04,3.96,4.8500000000000005,5.04,5.66,5.57,5.36,5.14,5.59,6.1499999999999995,6.239999999999999,4.13,3.25,2.52,1.61,0.7100000000000001,1.27,1.76,1.23,0.96,1.74,1.25,1.48,1.83,1.93,2.25,2.41,2.88,2.99,2.79,3.18,3.0300000000000002,2.85,2.85,2.86,2.87,ROU
Russian Federation,NA,NA,NA,NA,NA,NA,NA,NA,NA,NA,NA,NA,NA,NA,NA,NA,NA,NA,NA,NA,NA,NA,NA,NA,NA,NA,NA,NA,NA,NA,NA,11.67,9.02,7.66,10.31,11.51,12.61,12.27,10.700000000000001,10.059999999999999,10.05,9.47,9.459999999999999,9.12,11.42,11.290000000000001,13.51,12.91,13.35,13.459999999999999,13.13,13.469999999999999,13.28,RUS
Rwanda,0.05,0.05,0.05,0.1,0.1,0.1,0.07,0.07,0.07,0.07,0.07,0.06,0.09999999999999999,0.12,0.09999999999999999,0.08,0.09999999999999999,0.060000000000000005,0.08,0.16,0.1,0.09,0.09,0.1,0.15000000000000002,0.12000000000000001,0.22999999999999998,0.1,0.09,0.13,0.23,0.37,0.23,0.22,0.21,0.16,0.23,0.31,0.26,0.27,0.26,0.27,0.28,0.26,0.22,0.45999999999999996,0.72,0.9,1,1.3299999999999998,2.21,2.15,2.08,RWA
Saint Kitts and Nevis,6.64,6.64,7.74,7.9,8.06,9.4,9.6,9.82,9.82,12.54,12.82,24.48,24.28,25.24,25.73,31.62,28.58,29.58,30.4,33.53,33.51,35.2,23.7,25.44,23.98,21.4,16.970000000000002,19.8,17.26,16.56,10.5,7.78,7.02,5.5,18.65,21.76,15.71,11.1,16.580000000000002,20.26,17.02,19.39,17.240000000000002,17.47,16.830000000000002,19.18,18.86,19.580000000000002,20.11,20.76,18.75,18.39,18.39,KNA
Saint Lucia,12.78,12.64,12.49,13.370000000000001,13.22,13.54,13.82,14.24,13.96,15.97,18.32,19.21,17.9,16.34,16.61,17.77,17.52,17.96,10.62,10.25,10.45,10.17,10.870000000000001,11.58,11.84,9.46,9.4,9.95,12.09,11.7,13.22,12.8,14.41,14.33,13.540000000000001,15.610000000000001,14.43,14.280000000000001,16.29,15.95,15.709999999999999,16.31,16.5,19.72,21.77,18.38,17.62,17.41,16.34,14.27,13.5,13.37,13.3,LCA
Saint Vincent and the Grenadines,12.89,12.72,10.78,10.64,10.52,12.76,9.43,9.54,10.06,11.950000000000001,9.96,9.86,9.04,11.62,9.5,9.03,7.35,6.76,7.27,6.96,6.74,5.86,6.59,7.42,7.02,5.72,6.39,6.71,6.46,9.1,9.58,8.92,8.31,7.08,7.62,8.71,8.860000000000001,8.700000000000001,9.620000000000001,9.82,9.82,9.92,10.200000000000001,10.28,10.4,10.51,10.89,10.9,11.22,10.82,10.03,10.65,10.54,VCT
Samoa,18.28,18.14,17.54,17.12,16.58,16.5,16.12,16.54,14.84,16.1,20.72,17.18,14.16,15.54,15.8,22.42,22.53,15.36,27.229999999999997,24.21,33.89,29.73,24.970000000000002,27.23,29.810000000000002,23.71,29.56,29.28,29.91,26.24,26.58,29.91,28.59,25.68,26.55,31.98,28.29,29.16,33.47,31.97,31.31,30.07,29.580000000000002,26.51,26.599999999999998,24.42,23.81,26.150000000000002,25.81,25.12,24.59,24.34,24.2,WSM
Sao Tome and Principe,6.08,5.3,4.4,7.06,7.82,17.5,15.22,10.76,10.46,12.56,9,8.04,5.72,4.18,3.9,3.45,5.64,6.62,10.69,11.15,13.33,20.31,31.78,24.4,26.130000000000003,17.7,16.44,21.08,21.65,23.57,15.25,16.35,14.89,19.81,21.5,21.25,17.4,16.16,16.1,15.66,14.72,15.85,16.66,16.71,16.44,16.64,16.83,16.76,16.78,16.74,16.31,15.87,15.46,STP
Saudi Arabia,2.38,2.28,2.43,2.05,2.0700000000000003,2.23,2.3,2.1100000000000003,2.13,2.28,2.14,2.31,2.94,2.55,2.46,2.76,3.42,3.43,4.12,4.51,4.65,5.02,5.06,4.67,4.83,4.01,4.02,3.81,3.9699999999999998,3.12,3.31,2.5300000000000002,2.52,2.8,3.16,3.06,3.16,3.55,3.46,3.4299999999999997,4,3.6399999999999997,3.42,3.97,4.31,4.67,4.82,4.069999999999999,3.94,5.2299999999999995,5.14,5.87,6.28,SAU
Senegal,8.6,8.49,9.13,10.38,10.56,10.540000000000001,11.19,9.540000000000001,9.42,9.07,9.219999999999999,9.71,11.360000000000001,12.22,12.799999999999999,14.17,13.88,13.35,12.280000000000001,12.459999999999999,12.41,11.52,12.71,11.69,12.01,12.87,13.57,16.39,15.94,16.18,14.04,19.84,20.24,16.37,15.9,16.06,16.91,16.18,14.84,17.31,16.07,14.2,15.56,15.580000000000002,14.92,12.5,13.100000000000001,15.02,14.32,12.95,12.65,12.81,12.24,SEN
Serbia,NA,NA,NA,NA,NA,NA,NA,NA,NA,NA,NA,NA,NA,NA,NA,NA,NA,NA,NA,NA,NA,NA,NA,NA,NA,NA,NA,NA,NA,NA,NA,NA,NA,NA,NA,NA,NA,NA,NA,NA,NA,NA,NA,NA,NA,2.24,2.9499999999999997,3.17,2.47,2.33,3.06,3.12,2.6,SRB
Serbia and Montenegro,NA,NA,NA,NA,NA,NA,NA,NA,NA,NA,NA,NA,NA,NA,NA,NA,NA,NA,NA,NA,NA,NA,NA,NA,NA,NA,NA,NA,NA,NA,NA,0.6,0.25,0.27,0.32,0.91,1.14,1.17,0.73,0.77,1.3,1.6500000000000001,1.4,2.22,2.06,NA,NA,NA,NA,NA,NA,NA,NA,NA
Sierra Leone,7.199999999999999,8.6,8.65,10.32,10.43,10.99,10.040000000000001,7.1499999999999995,9.17,10.11,9.96,13.190000000000001,18.1,16.830000000000002,15.540000000000001,12.94,12.82,11.780000000000001,12.35,12.47,13.6,10.450000000000001,10.3,8.4,8.28,7.779999999999999,6.76,6.58,6.4399999999999995,6.8100000000000005,8.290000000000001,8.76,7.1,5.9799999999999995,6.61,7.02,7.58,6.85,6.46,8.03,8.62,8.86,10.19,14.57,15.3,14.959999999999999,14.11,20.240000000000002,19.5,18.990000000000002,19.22,18.71,18.080000000000002,SLE
Slovakia,NA,NA,NA,NA,NA,NA,NA,NA,NA,NA,NA,NA,NA,NA,NA,NA,NA,NA,NA,NA,NA,NA,NA,NA,NA,NA,NA,NA,NA,NA,NA,NA,2.7399999999999998,3.36,3.43,4.2,4.14,4.029999999999999,3.49,3.57,3.32,3.53,3.79,3.6999999999999997,3.7800000000000002,4.07,4.14,4.19,3.6799999999999997,4.15,4.069999999999999,3.75,4.14,SVK
Slovenia,NA,NA,NA,NA,NA,NA,NA,NA,NA,NA,NA,NA,NA,NA,NA,NA,NA,NA,NA,NA,NA,NA,NA,NA,NA,NA,NA,NA,NA,NA,NA,2.26,2.94,3.23,3.8899999999999997,4.12,3.67,3.77,3.7600000000000002,3.59,4.05,4.23,4.54,5.07,4.94,5.28,5.45,5.54,5.56,5.67,5.79,5.06,5.24,SVN
Small Island Developing States,5.79,6.06,7.02,7.8500000000000005,6.4,7.83,8.17,7.64,7.819999999999999,7.47,7.78,7.74,7.62,7.51,8,8.01,7.75,7.989999999999999,7.56,8.72,8.81,8.61,8.7,8.35,8.89,9.01,8.53,8.81,8.23,8.04,7.02,6.41,6.75,6.85,6.79,6.6899999999999995,6.88,6.84,7.11,7.6000000000000005,7.57,7.21,7.12,7.14,7.21,6.79,7.31,7.48,7.46,6.9799999999999995,6.99,7,6.9399999999999995,NA
Solomon Islands,18.66,22.58,21.88,21.22,20.6,28.02,29.6,28.62,28.42,31.06,34.2,31.44,32.31,32.47,33.58,35.64,33.62,35.94,34.78,35.22,27.22,35.26,35.64,32.64,32.59,33.66,28.76,28.790000000000003,34.17,31.66,32.18,26.81,26.4,21.92,23.31,29.45,32.63,31.71,26.53,21.33,19.93,21,20.509999999999998,21.61,21.05,21.53,22.17,22.61,22.44,22.04,21.56,21.08,20.66,SLB
South Africa,5.13,5.02,4.88,4.95,6.28,6.25,7.11,5.4399999999999995,5.37,6.44,5.99,6.03,7.59,7.779999999999999,8.92,6.58,6.19,6.16,5.81,5.29,6.54,4.7,5.04,5.2,4.54,4.54,5.68,6.06,5.45,6.03,4.7299999999999995,5.66,5.56,4.0200000000000005,5.21,3.6300000000000003,4.84,3.76,3.84,3.77,4.3500000000000005,4.26,4.28,5.84,4.97,4.47,4.38,4.06,3.03,3.45,3.14,4.42,3.59,ZAF
South America,2.89,3.25,3.25,3.23,3.11,3.29,3.47,3.6799999999999997,3.5100000000000002,3.7600000000000002,3.75,3.8899999999999997,4.76,4.03,3.87,3.42,3.71,3.92,4.49,4.22,3.8200000000000003,3.64,3.45,3.7600000000000002,3.73,4.1499999999999995,4.05,3.77,3.9000000000000004,3.88,3.39,3.58,3.97,3.98,4.61,4.78,4.79,4.37,3.99,3.9800000000000004,4.38,4.1,4.42,4.44,4.21,4.45,4.65,4.6000000000000005,4.5200000000000005,4.29,4.64,4.67,4.67,NA
South-Eastern Asia,7.029999999999999,7.1,7.319999999999999,7.55,7.92,8.17,8.6,9.22,9.08,9.22,9.27,9.58,9.27,9.06,9.209999999999999,8.77,9.41,9.23,9.22,8.99,9.13,9.36,10.06,10.15,9.84,9.96,10.129999999999999,10.08,10.51,10.620000000000001,10.81,11.15,11.24,11.98,12.23,12.38,11.93,12.1,12.700000000000001,13.33,13.33,13.5,13.57,13.94,14.54,14.69,15.4,15.52,16.19,16.419999999999998,16.82,16.75,16.580000000000002,NA
Southern Africa,4.7,4.63,4.48,4.52,5.67,5.67,6.4,4.93,4.88,5.84,5.45,5.4799999999999995,6.8500000000000005,7.0200000000000005,8.02,5.9799999999999995,5.64,5.63,5.34,4.93,6.05,4.41,4.7299999999999995,4.8500000000000005,4.29,4.2700000000000005,5.26,5.55,4.99,5.52,4.44,5.22,5.13,3.78,4.81,3.46,4.640000000000001,3.66,3.76,3.73,4.17,4.12,4.2,5.55,4.7700000000000005,4.2700000000000005,4.23,3.9,3,3.37,3.06,4.21,3.46,NA
Southern Asia,1.03,1.05,1.12,1.32,1.32,1.3900000000000001,1.32,1.41,1.39,1.46,1.47,1.3499999999999999,1.42,1.59,1.52,1.47,1.5,1.5,1.43,1.45,1.43,1.45,1.47,1.57,1.51,1.53,1.49,1.58,1.6400000000000001,1.7,1.79,1.8800000000000001,1.9400000000000002,1.99,2,2.13,2.19,2.18,2.13,2.11,2.27,2.27,2.34,2.3,2.28,2.39,2.43,2.61,2.57,2.64,2.57,2.54,2.52,NA
Southern Europe,9.38,8.92,9.27,9.5,10.12,9.83,10.3,10.25,9.58,9.84,10.290000000000001,10.28,10.280000000000001,10.63,10.040000000000001,10.63,10.22,10.12,9.89,10.42,9.79,10.02,10.72,10.979999999999999,11.87,12.04,13.07,12.9,13.46,13.63,13.7,13.68,14.15,14.63,14.33,14.76,14.6,15.72,15.34,15.15,15.89,16.099999999999998,16.37,16,16.560000000000002,17.330000000000002,17.05,16.37,16.06,16.03,15.99,15.229999999999999,15.69,NA
Spain,14.73,13.92,14.77,14.03,15.57,14.43,15.24,16.7,13.92,14.33,15.44,16.29,16.43,18.27,17.53,18.23,17.48,17.99,16.79,17.56,16.24,16.060000000000002,16.62,16.15,15.92,17.29,19.16,18.73,19.8,20.080000000000002,19.95,21.47,23.74,24.86,24.34,24.43,24.46,26.86,25.66,25.549999999999997,25.67,26.330000000000002,27.07,25.94,26.23,28.41,26.92,25.5,24.25,24.61,24.18,22.96,24.45,ESP
Sri Lanka,9,8.62,8.99,10.56,8.18,11.41,8.24,9.41,9.22,9.06,7.02,8.52,6.7,6.15,6.49,6.49,6.39,7.04,8.29,9.47,8.52,8.44,8.32,9.82,9.31,9.14,9.66,10.09,9.44,10.08,11.52,11.49,10.709999999999999,10.94,12.11,13.26,14.55,14.73,15.11,15.18,13.89,13.879999999999999,15.2,14.780000000000001,11.05,13.22,14.32,14.05,14.45,16.11,17.330000000000002,17.19,17.05,LKA
Sudan,NA,NA,NA,NA,NA,NA,NA,NA,NA,NA,NA,NA,NA,NA,NA,NA,NA,NA,NA,NA,NA,NA,NA,NA,NA,NA,NA,NA,NA,NA,NA,NA,NA,NA,NA,NA,NA,NA,NA,NA,NA,NA,NA,NA,NA,NA,NA,NA,NA,NA,NA,0.32999999999999996,0.32,SDN
Sudan (former),0.42,0.45,0.45999999999999996,0.45999999999999996,0.47000000000000003,0.5,0.48,0.51,0.48000000000000004,0.46,0.45,0.44,0.46,0.41000000000000003,0.4,0.42,0.4,0.42,0.43,0.41000000000000003,0.41000000000000003,0.44,0.46,0.4,0.35000000000000003,0.3,0.34,0.34,0.39,0.41,0.41000000000000003,0.39,0.44,0.48,0.48,0.48,0.48,0.5,0.48,0.51,0.53,0.52,0.51,0.51,0.47000000000000003,0.52,0.5700000000000001,0.55,0.5900000000000001,0.5800000000000001,0.5800000000000001,NA,NA,SDN
Suriname,18.32,15.29,15.36,14.37,14.99,14.81,13.31,14.02,19.39,15.940000000000001,13.77,18.03,14.3,13.73,12.059999999999999,7.71,9.89,11.71,10.790000000000001,10.94,10.790000000000001,9.29,9.8,4.6499999999999995,4.12,3.19,4.74,4.51,7.46,7.1899999999999995,8.14,8.29,8.18,8.05,7.4799999999999995,8.11,7.430000000000001,8.04,7.2,8.28,9.05,9.41,9.41,9.4,9.89,9.290000000000001,9.28,9.030000000000001,8.959999999999999,9.19,8.790000000000001,8.7,8.65,SUR
Swaziland,0,0,0,0,0,0,0,0.04,0.03,0.03,0.03,0.03,0.03,0.03,0.03,0.03,0.03,0.02,0.03,0.03,0.03,0.04,0.04,0.04,0.04,0.04,0.04,0.04,0.04,0.04,0.04,0.03,0.04,0.04,0.04,0.04,5.71,4.49,3.72,3.27,2.15,2.25,4.29,4.13,3.52,1.78,1.33,0.78,0.75,0.76,0.73,0.71,0.71,SWZ
Sweden,16.77,16.61,15.5,16.21,16.79,16.64,16.62,16.41,15.95,16.73,16.47,15.72,15.53,15.39,15.81,16.89,16.83,16.380000000000003,16.59,17.03,15.23,15.65,15.9,16.099999999999998,15.62,15.959999999999999,16.48,16.099999999999998,16.330000000000002,15.91,16.4,16.39,17.05,15.95,14.26,13.82,18.3,17.6,16.810000000000002,16.89,17.12,18.02,18.150000000000002,16.37,16.42,15.86,15.64,15.92,14.31,14.66,14,13.83,14.31,SWE
Switzerland,3.5,3.74,3.9,3.96,4.04,3.7800000000000002,3.9200000000000004,4.3,4.31,4.6,4.68,4.94,4.7,4.6,4.27,4.35,4.51,4.53,4.78,5.2299999999999995,5.12,5.11,5.37,5.63,5.87,6.32,6.62,6.01,6.109999999999999,6.29,6.47,6.1000000000000005,6.14,6.35,6.22,6.199999999999999,6.21,6.42,6.470000000000001,6.66,6.78,6.4,6.609999999999999,6.67,6.52,6.95,6.989999999999999,7.17,7.3,7.2700000000000005,7.19,7.239999999999999,7.54,CHE
Tajikistan,NA,NA,NA,NA,NA,NA,NA,NA,NA,NA,NA,NA,NA,NA,NA,NA,NA,NA,NA,NA,NA,NA,NA,NA,NA,NA,NA,NA,NA,NA,NA,0.11,0.14,0.1,0.04,0.03,0.02,0.05,0.03,0.03,0.05,0.06,0.11,0.1,0.08,0.18000000000000002,0.16999999999999998,0.2,0.16,0.17,0.24,0.23,0.22000000000000003,TJK
Thailand,4.32,5.39,5.82,6.75,7.8999999999999995,8.64,10.56,12.57,12,12.76,12.44,13.16,10.76,10.23,10.62,10.84,11.45,10.98,9.32,9.65,10.32,10.14,11.32,11.62,11.02,10.959999999999999,10.51,10.34,10.44,11.24,13.33,14.819999999999999,15.52,15.91,17.35,18.259999999999998,16.95,16.830000000000002,17.2,16.25,15.25,15.55,15.030000000000001,15.809999999999999,16.34,15.48,14.7,11.9,12.91,13.39,14.34,14.3,14.26,THA
The former Yugoslav Republic of Macedonia,NA,NA,NA,NA,NA,NA,NA,NA,NA,NA,NA,NA,NA,NA,NA,NA,NA,NA,NA,NA,NA,NA,NA,NA,NA,NA,NA,NA,NA,NA,NA,1.25,1.34,1.8599999999999999,1.9000000000000001,2.02,1.9400000000000002,2.04,2.19,1.9800000000000002,1.71,2.29,2.34,2.4,2.18,2.71,2.92,2.8200000000000003,2.63,2.53,2.68,2.39,2.55,MKD
Timor-Leste,0,0,0,0,0,0,0,0,0,0,0,0,0,0,0,0,0,0,0,0,0,0,0,0,0,0,0,0,0,0,0,0,0,0,0,0,0,0,2.26,2.4,2.3,2.34,2.3299999999999996,2.4499999999999997,2.17,1.94,1.73,1.97,2.35,3,3.45,3.41,3.35,TLS
Togo,1.5699999999999998,1.61,3.23,3.9400000000000004,4.51,5.15,6.12,4.7,6.31,5.3500000000000005,5.109999999999999,4.89,5.67,5.98,6.51,6.15,4.88,6.71,4.19,5.76,6.46,6.27,5.69,5.58,6.699999999999999,5.72,7.18,7.9799999999999995,7.669999999999999,7.699999999999999,6.63,5.63,5.05,7.25,6.83,9.43,8.38,6.16,6.38,5.22,4.6899999999999995,3.67,4.57,3.5300000000000002,4.8100000000000005,3.96,3.57,2.96,3.67,5.97,6.7299999999999995,6.5600000000000005,6.390000000000001,TGO
Trinidad and Tobago,8.76,9.84,9.4,9.64,9.42,9.52,8.74,8.08,8.45,8.06,7.67,7.88,5.98,6.23,6.69,7.49,6.2,8.79,7.04,7.79,9.39,8.78,10.11,10.07,10,9.43,9.07,7.85,9.18,7.54,7.79,7.6,4.21,6.62,6.06,4.85,5.71,6.86,6.9799999999999995,7.5,9.57,13.07,10.469999999999999,11.540000000000001,13.76,10.86,11.09,11.06,11.2,11.209999999999999,13.879999999999999,13.83,13.79,TTO
Tunisia,2.21,2.05,2.6,1.95,2.67,2.86,3.04,3.21,3.05,2.1,2.68,2.71,3,4.32,4.25,4.5,4.99,4.8100000000000005,5,5.13,4.55,5.04,5.03,5.46,6.47,6.11,6.5,6.45,5.64,5.15,5.08,5.08,4.59,5.12,5.5,5.06,5.1,4.84,5.58,5.74,6.2700000000000005,5.79,6.17,7.48,7.44,7.62,6.87,7.2299999999999995,7.49,7.46,7.16,8.08,7.81,TUN
Turkey,1.48,0.99,2.63,2.31,2.38,2,3.12,2.11,2.84,2.92,2.6500000000000004,2.82,2.21,1.69,1.51,2,2.12,2.89,3.44,4.5,4.9,5.37,4.71,3.7600000000000002,5.54,5.24,4.57,5.180000000000001,3.56,3.56,2.95,4.29,4.33,4.69,6.09,5.11,4.39,4.61,4.26,4.37,4.49,3.98,3.7299999999999995,4.5,4,4.42,4.42,3.98,3.9299999999999997,3.39,2.9699999999999998,3.19,2.9499999999999997,TUR
Turkmenistan,NA,NA,NA,NA,NA,NA,NA,NA,NA,NA,NA,NA,NA,NA,NA,NA,NA,NA,NA,NA,NA,NA,NA,NA,NA,NA,NA,NA,NA,NA,NA,2.59,1.36,1.27,0.78,0.65,0.65,0.4,0.49,0.66,0.81,0.8,1.01,1.02,1.1,1.07,1.08,1.1300000000000001,1.16,1.39,1.23,1.4,1.32,TKM
Uganda,2.3,2.49,2.69,2.6399999999999997,2.77,2.88,3.39,3.56,4.01,4.13,4.38,4.91,4.909999999999999,4.73,5.12,4.09,5.71,5.66,4.41,3.95,3.85,3.81,3.74,4.47,3.28,3.89,3.8,3.92,3.75,4.11,3.34,4.02,3.12,2.9,2.52,2.15,2.62,2.47,2.58,2.27,2.16,1.91,2.09,3.24,3.48,3.17,3.98,3.73,3.9899999999999998,4.02,4.11,3.74,3.7399999999999998,UGA
Ukraine,NA,NA,NA,NA,NA,NA,NA,NA,NA,NA,NA,NA,NA,NA,NA,NA,NA,NA,NA,NA,NA,NA,NA,NA,NA,NA,NA,NA,NA,NA,NA,5.9,4.41,2.9,4.7299999999999995,6.5,5.59,8.469999999999999,6.52,7.68,8.38,7.73,7.52,7.1899999999999995,9.35,8.92,9.93,12.07,9.049999999999999,7.5200000000000005,7.510000000000001,7.41,8.59,UKR
United Arab Emirates,11.76,11.46,11.68,11.28,12.04,11.2,10.96,10.88,10.42,10.18,9.54,9.52,9.41,9.94,10.86,9.82,9.85,12,12.26,15.14,14.620000000000001,11.85,11.73,11.77,11.12,11.13,11.26,10.78,10.85,10.82,11.55,11.44,11.89,12.26,12.290000000000001,12.280000000000001,12.08,12.24,13.19,12.5,12.97,12.44,12.34,12.979999999999999,11.55,11.88,11.39,11.04,11.34,11.05,10.9,10.56,10.41,ARE
United Kingdom,9.41,9.81,9.6,10.72,10.75,9.77,9.99,10.51,10.15,10.15,9.700000000000001,9.37,9.32,8.69,8.26,8.45,8.25,7.54,7.28,6.75,7.84,8.09,7.73,8.24,8.66,8.209999999999999,8.44,8.879999999999999,9.32,8.89,8.69,8.75,8.7,8.99,9,9.03,9.54,8.93,9.23,9.28,9.88,9.61,9.3,9.799999999999999,9.73,10.64,10.52,10.31,9.68,9.69,10.040000000000001,9.97,10.14,GBR
United Republic of Tanzania,2.48,2.4,2.43,3.25,3.25,3.26,3.84,4.41,3.92,4.16,4.33,3.85,3.83,3.95,4.96,4.85,5.390000000000001,4.25,3.42,4.09,4.03,3.7399999999999998,3.81,4.31,4.51,4.52,4.7299999999999995,5.33,4.96,5.300000000000001,3.9,3.76,3.67,3.44,3.67,3.41,3.7199999999999998,3.22,3.15,3.04,3.3,3.35,3.26,2.94,3.14,2.8200000000000003,3.14,2.06,2.43,2.53,2.3600000000000003,2.29,2.2199999999999998,TZA
United States of America,5.41,5.62,5.41,5.35,5.6,6.04,5.38,5.83,5.71,6.23,5.86,6.76,6.89,6.59,5.930000000000001,7.140000000000001,6.81,7.2,7.13,6.94,7.25,6.95,7.37,7.75,7.970000000000001,8.18,9.03,8.28,9.62,9.18,9.02,9.28,9.65,9.47,9.389999999999999,8.969999999999999,9,9.34,9.34,9.24,8.65,9.12,9.72,10.14,9.75,9.96,9.24,9.2,8.95,9.05,9.049999999999999,8.959999999999999,8.89,USA
Uruguay,1.84,1.57,1.78,2.0700000000000003,2.44,1.73,1.51,1.59,1.97,1.69,1.82,3.14,2.5100000000000002,2.19,2.38,2.66,2.9699999999999998,3.31,3.38,3.23,1.8699999999999999,1.53,1.47,1.56,1.28,1.77,2.59,1.94,3.05,2.54,2.95,2.75,3.65,3.77,3.5,3.35,3.23,3.1799999999999997,4.48,4.4799999999999995,3.73,3.18,3.52,2.93,3.69,3.8,3.58,3.6799999999999997,2.75,3.0700000000000003,4.0600000000000005,3.44,3.88,URY
USSR,9.54,10.3,11.57,11.83,11.76,11.55,12.22,12.52,13.42,13.99,13.01,14.62,15.83,16.61,16.64,16.29,15.7,16.48,16.79,17.099999999999998,18,17.93,17.14,18.32,18.89,18.94,18.150000000000002,17.6,17.1,16.709999999999997,14.82,NA,NA,NA,NA,NA,NA,NA,NA,NA,NA,NA,NA,NA,NA,NA,NA,NA,NA,NA,NA,NA,NA,RUS
Uzbekistan,NA,NA,NA,NA,NA,NA,NA,NA,NA,NA,NA,NA,NA,NA,NA,NA,NA,NA,NA,NA,NA,NA,NA,NA,NA,NA,NA,NA,NA,NA,NA,0.41,0.29,0.2,0.22,0.12000000000000001,0.16999999999999998,0.18,0.15,0.13,0.12000000000000001,0.09,0.08,0.11,0.12,0.11,0.13,0.2,0.16,0.21,0.28,0.32,0.3,UZB
Vanuatu,17.2,18.06,18.06,17.48,18.96,19.7,20.58,22.209999999999997,22.08,26.1,29.28,28.08,28.84,25.76,20.1,30.73,30.33,29.52,26.549999999999997,21.1,21.59,18.84,17.92,18.2,19.509999999999998,19.21,16.36,17.24,14.93,15.69,15.2,15.7,16.72,17.82,18.25,19.2,17.99,18.189999999999998,18.74,18.6,18.5,18.24,17.6,18.16,18.15,17.77,19.55,20.71,20.28,19.310000000000002,18.8,20.16,19.45,VUT
Venezuela (Bolivarian Republic of),5.1499999999999995,6.19,6.58,7.24,7.23,6.85,6,6.3100000000000005,6.74,6,6.12,6,6.81,5.6000000000000005,5.17,5.29,5.95,6.15,5.87,6.67,6.24,6.99,6.6899999999999995,6.88,6.29,6.4,7.5600000000000005,7.31,7.17,7.21,8.07,8.32,8.93,9.88,11.809999999999999,11.56,11.030000000000001,12.5,9.84,8.53,11.12,10.91,9.88,11.65,8.48,7.5600000000000005,7.87,6.98,7.63,5.05,5.25,5.92,5.56,VEN
Viet Nam,7,7.989999999999999,8.64,8.99,9.030000000000001,8.7,9.129999999999999,8.93,9.45,6.63,7.079999999999999,8.19,8.07,5.71,5.45,5.9,5.56,5.41,5.4399999999999995,5.01,4.2,4.62,5.26,5.1,5.14,5.36,5.46,5.25,5.99,5.64,4.9,4.59,4.8500000000000005,6.16,7.01,7.19,6.53,6.92,8,8.63,7.91,8.43,10.33,11.56,12.07,11.03,12.07,12.63,14.32,13.84,13.8,13.66,13.530000000000001,VNM
Western Africa,3.35,3.2399999999999998,3.89,4.04,3.85,3.99,3.96,3.21,3.48,4.31,5.1000000000000005,5.5200000000000005,5.359999999999999,5.54,5.99,6.66,6.3999999999999995,6.95,7.15,6.95,8.09,7.7700000000000005,6.3,5.11,4.73,4.99,5.81,5.61,5.96,6.08,5.58,5.4799999999999995,5.41,4.61,5.09,5.95,6.07,6.21,6.25,5.74,6.16,5.7,6,6.64,6.7,7.8,8.469999999999999,7.890000000000001,7.27,7.32,8.1,7.6499999999999995,7.58,NA
Western Asia,1.76,1.5,2.4,2.2399999999999998,2.25,2.0500000000000003,2.65,2.1599999999999997,2.45,2.59,2.47,2.56,2.41,2.1,2.04,2.47,2.6,2.98,3.6399999999999997,4.319999999999999,4.22,4.32,4.02,3.49,4.49,4.18,3.89,4.09,3.33,3.26,3.18,3.54,3.49,3.59,4.23,3.8099999999999996,3.6,3.71,3.62,3.56,3.79,3.58,3.62,4.1899999999999995,3.92,4.17,4.1,3.86,3.8699999999999997,3.8800000000000003,3.66,3.7800000000000002,3.77,NA
Western Europe,7.1,7.05,7.54,7.59,7.57,7.58,7.8,7.859999999999999,7.72,7.9,7.85,7.83,7.96,8.02,7.91,7.6899999999999995,7.550000000000001,7.56,7.5600000000000005,7.9,8.04,7.84,8.120000000000001,7.92,7.87,8.12,8.11,8.48,8.66,9.01,8.6,8.6,8.41,8.700000000000001,9.09,10.06,10.09,10.899999999999999,10.37,10.5,11.36,11.22,11.3,10.99,11.47,11.67,11.59,11.5,11.31,11.52,11.73,11.56,11.24,NA
World,4.88,5.11,5.33,5.28,5.55,5.59,5.69,5.85,5.74,5.82,5.93,6.09,6.26,6.38,6.3500000000000005,6.41,6.25,6.4,6.32,6.33,6.47,6.449999999999999,6.46,6.6,6.66,6.83,6.99,6.91,7.07,7.03,6.74,6.470000000000001,6.62,6.84,7.170000000000001,7.38,7.3500000000000005,7.390000000000001,7.41,7.53,7.61,7.54,7.68,7.76,7.890000000000001,8.03,8.27,8.379999999999999,8.34,8.379999999999999,8.450000000000001,8.51,8.4,NA
Yemen,1.55,1.36,1.45,1.92,1.56,1.52,1.72,1.86,1.28,1.62,1.55,1.89,2.93,2.77,3.51,5.33,4.09,4.8,4.93,5.47,5.02,3.59,3.66,3.35,3.9699999999999998,3.32,3.23,3.21,2.9699999999999998,3.04,4.32,3.9,3.71,3.61,3.52,2.94,3.15,3.23,3.62,3.14,3.17,4,5.38,5.97,4.69,4.04,2.12,1.66,2,1.69,1.38,1.35,1.32,YEM
Yugoslav SFR,0.64,0.35000000000000003,0.47000000000000003,0.72,0.75,1.46,1.4,1.36,1.44,1.77,1.74,1.6199999999999999,1.9200000000000002,2.16,1.84,1.62,1.9000000000000001,2.1,1.66,2.08,2.14,1.9200000000000002,2.36,2.17,2.2600000000000002,2.4,2.44,2.59,2.41,2.9899999999999998,1.4000000000000001,NA,NA,NA,NA,NA,NA,NA,NA,NA,NA,NA,NA,NA,NA,NA,NA,NA,NA,NA,NA,NA,NA,NA
Zambia,2.45,2.77,3.98,4,4.0200000000000005,4.2299999999999995,4.4399999999999995,4.62,4.99,6.85,5.88,6.15,4.64,3.7399999999999998,4.57,3.58,3.49,2.94,2.94,3.27,2.5,3.33,2.88,3.18,3.01,2.35,2.54,2.4,2.75,2.44,2.49,2.73,2.4699999999999998,2.6399999999999997,2.5999999999999996,2.41,2.23,2.3299999999999996,2.13,2.15,1.9300000000000002,2.08,2.2800000000000002,2.27,2.42,1.99,2.25,2.07,2.28,2.1399999999999997,2.13,2.06,1.99,ZMB
Zimbabwe,0.72,0.73,0.69,0.9400000000000001,0.9600000000000001,1.05,1.02,1.06,1.04,0.9,0.87,0.91,0.83,0.6799999999999999,0.6,0.65,0.65,0.61,0.58,1.1099999999999999,0.9800000000000001,0.86,0.6399999999999999,0.63,0.6,0.67,0.66,0.6900000000000001,0.73,0.74,0.62,0.7000000000000001,1.19,1.5,1.59,1.56,1.37,1.04,0.92,0.78,0.52,0.4,0.38,0.47,0.36,0.5499999999999999,0.39,0.42,0.49,0.86,1.1300000000000001,1.11,1.06,ZWE
