Country,ISO3,WGI_1996,WGI_1998,WGI_2000,WGI_2002,WGI_2003,WGI_2004,WGI_2005,WGI_2006,WGI_2007,WGI_2008,WGI_2009,WGI_2010,WGI_2011,WGI_2012,WGI_2013,WGI_2014,WGI_2015,WGI_2016,WGI_2017,WGI_2018
Afghanistan,AFG,-1.9446431795756023,-1.9339139660199482,-1.981116274992625,-1.6292369961738586,-1.465456783771515,-1.4902584354082744,-1.5244732300440471,-1.6209864815076191,-1.6628069082895915,-1.746619462966919,-1.7713807225227356,-1.7420540650685628,-1.7171535690625508,-1.5503835876782734,-1.5619265635808308,-1.4660872220993042,-1.4758597513039906,-1.5482481718063354,-1.5923250218232472,-1.5827490091323853
Albania,ALB,-0.6205806831518809,-0.6153264120221138,-0.6164383888244629,-0.4485864997841418,-0.45995378990968067,-0.39828739206617075,-0.5095539021228129,-0.4244031918545564,-0.2950519969065984,-0.20791749966641268,-0.16038506602247557,-0.1755655581752459,-0.2222826952735583,-0.23950260474036136,-0.19716660616298518,-0.01998024806380272,-0.01783756942798694,-0.0028744805604219437,0.011234293381373087,0.01180967316031456
Algeria,DZA,-1.1212433973948162,-1.1227294206619263,-1.060089260339737,-0.8941208521525065,-0.8733095824718475,-0.7631207605202993,-0.6191449215014776,-0.7195750325918198,-0.7754860719045004,-0.805146743853887,-0.8772780895233154,-0.8736798961957296,-0.9118536313374838,-0.8859593669573466,-0.8264579027891159,-0.8565742274125417,-0.8538711468378702,-0.8665044705073038,-0.8456870714823405,-0.8157031635443369
American Samoa,ASM,NA,NA,NA,NA,NA,0.549874963859717,0.6533345133066177,0.5425310879945755,0.7039056718349457,0.7167471299568812,0.7165973583857218,0.7077756424744924,0.706112802028656,0.7061648070812225,0.7014415760835012,NA,NA,NA,NA,NA
Angola,AGO,-1.4514843324820201,-1.6438305775324504,-1.656879961490631,-1.3864668011665344,-1.248317301273346,-1.2873719135920207,-1.206835428873698,-1.1361414392789204,-1.123002529144287,-1.043569728732109,-1.0167839527130127,-1.015260676542918,-1.0592858642339706,-0.9938524017731348,-1.0600128024816513,-1.0254801213741302,-1.0106913248697917,-1.0038563311100006,-1.0027751624584198,-0.9138485491275787
Anguilla,AIA,NA,NA,NA,NA,NA,0.9422059853871664,1.2821139792601268,1.3128834962844849,1.3085673054059346,1.329761952161789,1.2513138949871063,1.32699520389239,1.3460992972056072,1.332432508468628,1.3390166362126668,NA,NA,NA,NA,NA
Antigua & Barbuda,ATG,0.734098936120669,0.7637987782557806,0.75169837474823,0.7368034770091375,0.7483420372009277,0.7647008299827576,0.6371141225099564,0.7424518118302027,0.7239971111218134,0.7952682475248972,0.7954200804233551,0.8009439756472906,0.8033551027377447,0.8210189044475555,0.795589491724968,0.4116133699814479,0.5801287790139517,0.5536253452301025,0.3836894817650318,0.4033628476317972
Argentina,ARG,0.19381370022892952,0.16750830054904023,0.07751432744165261,-0.49082357188065845,-0.33633839897811413,-0.37526792536179227,-0.23132754986484846,-0.19830691639799625,-0.17809840384870768,-0.28714053084452945,-0.3726887305577596,-0.26670753583312035,-0.21089698001742363,-0.31539386510849,-0.33874431252479553,-0.3868080103614678,-0.3129578094619016,-0.047992460429668427,0.008893691003322601,0.007446038847168286
Armenia,ARM,-0.4233439614375432,-0.4603534899652004,-0.4881000618139903,-0.32060088589787483,-0.17488406846920648,-0.2808762602508068,-0.2982875183224678,-0.36536575853824615,-0.3256220892071724,-0.2917408727419873,-0.24629820479700962,-0.30583417788147926,-0.28470878799756366,-0.18572189037998518,-0.17203107724587122,-0.2889581968386968,-0.2715507696072261,-0.30680038034915924,-0.28691911821564037,-0.13107683788985014
Aruba,ABW,NA,NA,NA,NA,NA,0.9865539868672689,1.1379365523656209,1.0907411674658458,1.083199421564738,1.1007806956768036,1.286103864510854,1.2552866339683533,1.260848085085551,1.2718956271807353,1.2788068056106567,1.106783886750539,1.2196774979432423,1.225313127040863,1.2268670896689098,1.1888635456562042
Australia,AUS,1.5992656151453655,1.5496011972427368,1.6546578804651897,1.5660372376441956,1.599718948205312,1.6684603293736775,1.571538766225179,1.5640748937924702,1.596466471751531,1.6161571145057678,1.592885285615921,1.595369577407837,1.621867795785268,1.6096359193325043,1.5786974430084229,1.6068808436393738,1.5501856207847595,1.5726802746454875,1.5361245274543762,1.5753300885359447
Austria,AUT,1.6316876610120137,1.573496699333191,1.5428115328152974,1.6760549346605937,1.629971206188202,1.6403916279474895,1.5926613211631775,1.6253795623779297,1.6977928678194683,1.6418139139811199,1.5317548116048176,1.5438798467318218,1.4716352423032124,1.5228851636250813,1.550333559513092,1.524922788143158,1.4639212290445964,1.4271501501401265,1.4377549886703491,1.4613917966683705
Azerbaijan,AZE,-1.118027130762736,-1.0193197031815846,-1.0208154916763306,-0.9830629328886668,-0.861580361922582,-0.9147124588489532,-0.8992489874362946,-0.9208155373732249,-0.8515625894069672,-0.7946768750747045,-0.761720230182012,-0.8098832393685976,-0.8406104842821757,-0.8691449413696924,-0.7316024849812189,-0.7285051345825195,-0.7329525599877039,-0.6954968323310217,-0.6946334913372993,-0.6841232826312383
Bahamas,BHS,1.1361996134122212,1.2096086144447327,1.2727424303690593,1.280878742535909,1.205923209587733,1.176969826221466,1.1523615916570027,1.0816834568977356,1.0947757065296173,1.1061069667339325,0.9739416539669037,0.947615792353948,0.9238050679365793,0.9078108717997869,0.8502821177244186,0.8138938372333845,0.7451296746730804,0.6955002148946127,0.6499233581125736,0.5976842927436034
Bahrain,BHR,0.1431980204458038,0.13886968543132147,0.17610619589686394,0.42693082491556805,0.3414391179879506,0.361603448788325,0.2206285915647944,0.0636990616718928,0.1306991105278333,0.11889203389485677,0.1583117147286733,0.055030268927415214,-0.0594816729426384,-0.09609876573085785,-0.11542253692944844,-0.04207911094029745,-0.07387340317169826,-0.13149333527932563,-0.23901432752609253,-0.22583038359880447
Bangladesh,BGD,-0.6876633980621895,-0.5520481951534748,-0.7314935972293218,-0.8995638986428579,-0.9666359921296438,-1.0826501548290253,-1.1305904388427734,-1.0201216787099838,-0.9411012729008993,-0.8969185054302216,-0.8908160279194514,-0.8561098823944727,-0.8510479480028152,-0.885957936445872,-0.9159563134113947,-0.7895708481470743,-0.8177261650562286,-0.8071925838788351,-0.8193318446477255,-0.8134705722332001
Barbados,BRB,1.2807107170422871,1.3361244996388753,1.3607507944107056,1.3216260472933452,1.2899702191352844,1.2275322874387105,1.2135848601659138,1.162150502204895,1.2037147482236226,1.1917490363121033,1.1076653401056926,1.1134614944458008,1.2141334116458893,1.1537753095229466,1.1473770936330159,1.031137377023697,1.0681176086266835,0.9463441222906113,0.9154684642950693,0.8032439748446146
Belarus,BLR,-0.5648827130595843,-0.7327266819775105,-0.8328872149189314,-0.9398333728313446,-0.7961851557095846,-0.9643488128980001,-0.9882553170124689,-1.0502285659313202,-0.9618757466475168,-0.8530563612778982,-0.8279500504334768,-0.9431789852678776,-0.9649973772466183,-0.8207209967076778,-0.812614120853444,-0.6505008141199747,-0.6592448862890402,-0.5982505728801092,-0.593241773545742,-0.49726108958323795
Belgium,BEL,1.395738124847412,1.3118148446083069,1.378755788008372,1.4653961459795635,1.3951564033826191,1.3484350840250652,1.3092115223407745,1.3038617571194966,1.3055621286233265,1.2436537047227223,1.3158040444056194,1.3253342310587566,1.3618635833263397,1.3565458257993062,1.387373000383377,1.2839498619238536,1.2895891964435577,1.2524826774994533,1.1799238125483196,1.1822330007950466
Belize,BLZ,0.32870644455154735,0.26194493596752483,0.19855200095723072,0.16025265104447803,0.23393451484541097,0.04089723279078802,0.04144823892662922,-0.07663487891356151,-0.10313507293661435,-0.11134121070305507,-0.08822829276323318,-0.08853406210740407,-0.14384576429923376,-0.08609811713298161,-0.08164580290516217,-0.25475839525461197,-0.24498236489792666,-0.27724102946619195,-0.29979642170170945,-0.29148910101503134
Benin,BEN,0.042575456822911896,0.050777118653059006,0.028650316099325817,-0.14248683117330074,-0.12502288321654,-0.24956167613466582,-0.3810528215641777,-0.20781899988651276,-0.20049862563610077,-0.21294074257214865,-0.24095100164413452,-0.2810809115568797,-0.27737298607826233,-0.3078739084303379,-0.29105200121800107,-0.31723056578387815,-0.33114794983218115,-0.3004712591258188,-0.31453317279616994,-0.30477576206127804
Bermuda,BMU,1.1818463901678722,1.2112604081630707,1.161870578924815,1.1880361636479695,1.2150785823663075,1.181638777256012,1.0827520191669464,1.0417342881361644,1.0381203591823578,1.0547273655732472,1.0459653238455455,1.12051123380661,1.1198340853055317,1.118871808052063,1.1143652995427449,NA,NA,NA,NA,NA
Bhutan,BTN,0.15251374120513597,0.137934111058712,0.16449654599030814,0.1445147730410099,0.26542192697525024,0.0908948580423991,0.23102878034114838,0.1473343422015508,0.08653884132703145,0.1651240885257721,0.14825362712144852,0.1358446404337883,0.15580030033985773,0.18287520358959833,0.18989095588525137,0.31377387419342995,0.36291141621768475,0.42544985252122086,0.5936745173918704,0.564670634145538
Bolivia,BOL,-0.20594102586619556,-0.057713720947504044,-0.20216256007552147,-0.30171570057670277,-0.4271838863690694,-0.5169675126671791,-0.6673290580511093,-0.6026322891314825,-0.5990808134277662,-0.6143149001679072,-0.6204306647026291,-0.541540746887525,-0.5436765228708585,-0.5795299671590328,-0.5328964106738567,-0.5837856230015556,-0.6080678144159416,-0.6169833565751711,-0.5751811045532426,-0.5462617433319489
Bosnia & Herzegovina,BIH,-0.5518204135199388,-0.5944960323783258,-0.524193442116181,-0.4703745109339555,-0.39157427102327347,-0.24994355657448372,-0.3960202361146609,-0.35574332376321155,-0.4113846967617671,-0.34127963706851006,-0.36806995739849907,-0.3822166795531909,-0.40166352937618893,-0.2763704229146242,-0.23537472014625868,-0.18746841015915075,-0.3194560818374157,-0.2938842972119649,-0.3189607039093971,-0.37765106558799744
Botswana,BWA,0.7477835516134897,0.7448446949323019,0.7213298579057058,0.69228728612264,0.8798927863438925,0.745498776435852,0.795921136935552,0.6932411392529806,0.7136168877283732,0.7237969934940338,0.6622982422510783,0.6752308408419291,0.6846801191568375,0.7210521847009659,0.684454028805097,0.6454533636569977,0.6452556997537613,0.6517988592386246,0.6043047805627187,0.5765396555264791
Brazil,BRA,-0.01073101224998633,0.026991696407397587,0.12930961325764656,0.16732111821571985,0.12075325093852977,-0.029331441968679428,-0.07220174372196198,-0.10379798027376334,-0.0844212422768275,-0.01444134721532464,0.0778607577085495,0.1320480612727503,0.10557553917169571,0.06381163621942203,-0.0042467328409353895,-0.03403791785240173,-0.1321526343623797,-0.14106602718432745,-0.19817173977692923,-0.23775005340576172
Brunei,BRN,0.6927040368318558,0.5331121583779653,0.5670971622069677,0.5206679552793503,0.509707490603129,0.46854106336832047,0.4064577172199885,0.3610212492446105,0.43050099660952884,0.45623717208703357,0.7403586705525717,0.7135742505391439,0.7062923014163971,0.6228885153929392,0.6308327317237854,0.6186215281486511,0.5635478446880976,0.5101332565148672,0.5718042254447937,0.6200568278630575
Bulgaria,BGR,-0.0991957684357961,0.07794548198580742,0.13101821458743265,0.26992474185923737,0.2189148562029004,0.23038836133976778,0.25479338131845,0.22464774486919245,0.24015358354275426,0.20610926362375417,0.24980083542565504,0.23360477263728777,0.1789487861096859,0.195472269008557,0.13908891876538595,0.1331947948783636,0.14344943407922983,0.20049027601877847,0.23244754721721014,0.23506270349025726
Burkina Faso,BFA,-0.48016094292203587,-0.40487708648045856,-0.2592564920584361,-0.3555769767456998,-0.2758556674234569,-0.3439861262838046,-0.3561575300991535,-0.338759109377861,-0.29143822689851123,-0.2494670810798804,-0.24912577060361704,-0.2734893684585889,-0.38349288205305737,-0.42277215669552487,-0.4847000191609065,-0.5064728657404581,-0.4194944463670254,-0.4008214417845011,-0.39965269217888516,-0.43446056296428043
Burundi,BDI,-1.510685384273529,-1.4779347479343414,-1.3699217637379963,-1.364756554365158,-1.3804924686749775,-1.456408033768336,-1.1428428292274475,-1.0870219270388286,-1.138051301240921,-1.1346618433793385,-1.0734503666559856,-1.1909392476081848,-1.1893664797147114,-1.233539382616679,-1.1209830343723297,-0.9810877740383148,-1.25525959332784,-1.4155424038569133,-1.4054022232691448,-1.4332208534081776
Cambodia,KHM,-0.8365280876557032,-0.9413067748149236,-0.7651956503589948,-0.7902066260576248,-0.8511989216009775,-0.8363628288110098,-0.8976108133792877,-0.8911297072966894,-0.827332024772962,-0.8477494617303213,-0.8666466971238455,-0.8680186967055002,-0.8247847010691961,-0.7120104692876339,-0.7364092394709587,-0.7149453942353526,-0.7302728978296121,-0.7319688325126966,-0.7622240831454595,-0.7711445217331251
Cameroon,CMR,-1.1458136936028798,-0.9268507858117422,-0.8924988309542338,-0.9825147688388824,-0.8481396585702896,-0.8361623883247375,-0.9076047192017237,-0.8845758934815725,-0.8781612366437912,-0.8956146538257599,-0.8734500855207443,-0.9269658923149109,-0.9352911909421285,-0.9566053251425425,-0.9469265441099802,-0.9566125373045603,-0.9486386676629385,-0.9732187887032827,-1.0025344292322795,-1.0514036814371746
Canada,CAN,1.6182261109352112,1.6495501895745595,1.6608108083407085,1.6589366992314656,1.645041863123576,1.6047712067763011,1.5552952488263447,1.6137686769167583,1.5956582427024841,1.6171459952990215,1.6399699449539185,1.6072483956813812,1.606857717037201,1.620261549949646,1.6142921050389607,1.6534195741017659,1.658367931842804,1.6758820017178853,1.674716830253601,1.5896260440349579
Cape Verde,CPV,NA,0.6076589251557986,0.6304584499448538,0.3367335870862007,0.3645723446582754,0.3586082924157381,0.27009253452221554,0.5304184779524803,0.5712866286436716,0.536830456306537,0.5344289522618055,0.5029835241536299,0.5559095007677873,0.5528209991753101,0.5104854007562002,0.4611253912250201,0.5425822660326958,0.48452116300662357,0.49256358047326404,0.5061233267188072
Cayman Islands,CYM,1.3450794716676076,1.3739736378192902,1.4052941103776295,1.4413524468739827,1.2187475661436717,1.2170345187187195,1.147769679625829,1.1443078219890594,1.139543851216634,1.0371033251285553,1.016698290904363,1.0276964406172435,1.0890386700630188,1.0246278246243794,1.0289513270060222,0.8597058107455572,0.9067515631516775,0.8232300778230032,0.826408863067627,0.8491549839576086
Central African Republic,CAF,-1.104772537946701,-1.0152854124704997,-1.0727491875489552,-1.2492116888364155,-1.324910283088684,-1.4067699114481609,-1.3436180651187897,-1.39670995871226,-1.421091616153717,-1.323538174231847,-1.3097667296727498,-1.315977652867635,-1.2647091050942738,-1.3427003920078278,-1.5492703119913738,-1.6980725924173992,-1.5579577485720317,-1.5285538037618,-1.544038196404775,-1.579809566338857
Chad,TCD,-1.0820906559626262,-1.03273610273997,-0.9608809351921082,-1.0736596286296844,-1.1905388335386913,-1.2633264462153118,-1.3982896208763123,-1.456414262453715,-1.4997849663098652,-1.5506739815076191,-1.4251389900843303,-1.384025017420451,-1.3111754258473713,-1.2879600723584492,-1.263095219930013,-1.3348623116811116,-1.2547946671644847,-1.3693252007166545,-1.3445496360460918,-1.3817157745361328
Chile,CHL,1.1416130264600117,0.9668107231458029,1.1362454096476238,1.2870360612869263,1.183972994486491,1.200965940952301,1.251038134098053,1.1556716362635295,1.1630206853151321,1.1372725913921993,1.1678380866845448,1.2198428114255269,1.1879160751899083,1.1974560966094334,1.1892325778802235,1.180137813091278,1.0822190394004185,1.01023172835509,0.9409104784329733,1.0058845281600952
China,CHN,-0.4815980593363444,-0.4958807850877444,-0.464452788233757,-0.5851176995784044,-0.5634721902509531,-0.5509376457581917,-0.5783997289836407,-0.5955801891783873,-0.5567852457364401,-0.5224811931451162,-0.5337556141118208,-0.575755043576161,-0.5574733664592108,-0.562117982034882,-0.5570788596135875,-0.47565047442913055,-0.4640917479991913,-0.426459272702535,-0.3326387132207553,-0.3068585718671481
Colombia,COL,-0.6634743822117647,-0.5830831098913526,-0.5911939019958178,-0.6176729236419002,-0.6544276103377342,-0.6052239878724018,-0.5507040042430162,-0.46116755281885463,-0.4043100954343875,-0.4029969274997711,-0.4628475233912468,-0.36155138723552227,-0.24847918127973875,-0.29724941588938236,-0.28501537442207336,-0.23712672479450703,-0.20041832327842712,-0.15788045603161058,-0.1874404971798261,-0.181457390387853
Comoros,COM,-0.764687180519104,-0.818260078628858,-0.9722684106479088,-0.615057572722435,-0.9360044101874033,-0.9365052705009779,-1.0088249494632084,-0.8997272948424021,-1.0680101017157237,-1.0813858062028885,-1.0643354455629985,-1.0008675654729207,-0.9736790458361307,-0.9432543764511744,-0.8642138689756393,-0.7934678271412849,-0.7682240779201189,-0.7471464859942595,-0.7672188815971216,-0.8824161142110825
Congo - Brazzaville,COG,-1.0584925711154938,-1.3620977799097698,-1.2264267305533092,-1.1688922345638275,-1.0799487729867299,-1.054552177588145,-1.2247576117515564,-1.161815841992696,-1.152024398247401,-1.1224729816118877,-1.0471319531400998,-1.0411385595798492,-1.0407935976982117,-1.0887321680784225,-1.058152362704277,-1.0133335640033085,-1.0059579412142436,-1.0369795660177867,-1.1026810208956401,-1.1105378766854603
Cook Islands,COK,NA,NA,NA,NA,NA,NA,NA,NA,NA,NA,-0.42058331767718,-0.40742867191632587,NA,NA,NA,NA,NA,NA,NA,NA
Costa Rica,CRI,0.6943350732326508,0.7981713910897573,0.7214041451613108,0.7169165958960851,0.6445083121458689,0.5523698503772417,0.5514495174090067,0.4992218079666297,0.5061451569199562,0.5123521933952967,0.6103007644414902,0.622749388217926,0.5750516454378763,0.6560745040575663,0.6665961792071661,0.6571933329105377,0.6646923373142878,0.6253563811381658,0.5577979112664858,0.5865243275960287
Côte d’Ivoire,CIV,-0.37565733678638935,-0.4401756351192792,-0.8949695328871409,-1.0585195074478786,-1.1792601148287456,-1.354656199614207,-1.416415144999822,-1.3123953938484192,-1.2736470798651378,-1.2749719719092052,-1.1339255174001057,-1.2031881113847096,-1.1323833962281544,-0.9690254727999369,-0.8504468401273092,-0.6639651755491892,-0.5823586235443751,-0.5696520755688349,-0.6059438089529673,-0.4978849192460378
Croatia,HRV,-0.2471725114931663,-0.19047496964534125,0.17493035520116487,0.3215319762627284,0.3882436358059446,0.4447959053019683,0.35893363505601883,0.35275512250761193,0.37792347744107246,0.3658591696682076,0.3950491628299157,0.4237935971468687,0.4208247202138106,0.42802824747438234,0.4560899796585242,0.46013527860244113,0.411614495019118,0.4418930783867836,0.4532743766903877,0.4385886788368225
Cuba,CUB,-0.6747706457972527,-0.6773522033666571,-0.6079133376479149,-0.6618080039819082,-0.6974198246995608,-0.7256018742918968,-0.6741192241509756,-0.5977160160740217,-0.5896265010039011,-0.6179198573033015,-0.6236231873432795,-0.6175985385974249,-0.6250472118457159,-0.6071804364522299,-0.6181619639197985,-0.4935301424314578,-0.45779628430803615,-0.43195635452866554,-0.4302742580572764,-0.46203699459632236
Cyprus,CYP,1.0075615992148717,0.9566277811924616,1.0001903076966603,1.0128282830119133,1.020987222592036,0.9165572375059128,0.9409539302190145,1.0557755033175151,1.0939302742481232,1.1742146412531536,1.0605027576287587,1.1036823838949203,1.0668355425198872,1.088306039571762,1.018378476301829,0.993982324997584,0.9567915995915731,0.8687319159507751,0.8684254785378774,0.8188425898551941
Czechia,CZE,0.9122332036495209,0.8232713639736176,0.5579941943287849,0.9126160889863968,0.8962753812472025,0.7935172965129217,0.8721203555663427,0.9084297865629196,0.8562285502751669,0.9206788539886475,0.9136354476213455,0.9149819811185201,0.9404352257649103,0.8877698183059692,0.8858646750450134,0.9266979396343231,0.9581903467575709,0.9327139457066854,0.9822857081890106,0.9512594938278198
Denmark,DNK,1.7625782092412312,1.7995342413584392,1.838116427262624,1.8659512400627136,1.8514360189437866,1.8897066513697307,1.8035773038864136,1.8527910908063252,1.889047344525655,1.847999890645345,1.8373567859331768,1.802104393641154,1.830902377764384,1.772557536760966,1.78888534506162,1.7210092544555664,1.7144043147563934,1.6672850549221039,1.643213301897049,1.6834532519181569
Djibouti,DJI,-0.8015450040499369,-0.9387353161970774,-0.7821506733695666,-0.6892062624295553,-0.7752434412638346,-0.633708268404007,-0.8630833029747009,-0.7577395637830099,-0.69528370971481,-0.5707299560308456,-0.54421333471934,-0.6240633924802145,-0.6557972754041353,-0.6700949346025785,-0.7286669425666332,-0.8632765114307404,-0.8481620252132416,-0.8837205568949381,-0.8948289056619009,-0.788405105471611
Dominica,DMA,0.8574485977490743,0.6262971510489782,0.582638626297315,0.7007070779800415,0.7017627060413361,0.670046791434288,0.7205572972695032,0.7603594809770584,0.7134180168310801,0.7339936892191569,0.7215209007263184,0.7390455553929011,0.7316213498512903,0.7027314553658167,0.7368840624888738,0.5985152721405029,0.6005998775362968,0.564438046887517,0.5429830824335417,0.4790591324369113
Dominican Republic,DOM,-0.2362468782812357,-0.36314133803049725,-0.2571821939200163,-0.23264672234654427,-0.4301285070056717,-0.44377671492596465,-0.43764613072077435,-0.33352799837787944,-0.359019972383976,-0.3451600006471078,-0.37790413866362843,-0.40314692445099354,-0.38028130536258686,-0.297548096626997,-0.2704657663901647,-0.22649364980558553,-0.2225415694216887,-0.1746264211833477,-0.21463224415977797,-0.2418128171314796
Ecuador,ECU,-0.4455854546589156,-0.3529147629936536,-0.6109804486234983,-0.6531198347608248,-0.6831838674843311,-0.6936442032456398,-0.7332014044125875,-0.833477591474851,-0.7988771597544352,-0.8015846212704977,-0.8449598749478658,-0.7803921103477478,-0.7510937949021658,-0.6835610419511795,-0.5667375102639198,-0.5857516766215364,-0.6092610061168671,-0.5373629815876484,-0.4789532870054245,-0.3986485209316015
Egypt,EGY,-0.3934330512226249,-0.33055837855984765,-0.32715722002709907,-0.4669569085041682,-0.5315883985410134,-0.5285065695643425,-0.5138153163716197,-0.664254292845726,-0.5648284430305163,-0.5299105768402418,-0.4769799845914046,-0.5737448905905088,-0.7728143731753031,-0.759250541528066,-0.9120767116546631,-0.9473908543586731,-0.9219144781430563,-0.8982869187990824,-0.8755780061086019,-0.816694642106692
El Salvador,SLV,-0.4894050061702728,-0.25429318596919376,-0.22525878685216108,-0.209478291682899,-0.23161426931619644,-0.18785601947456598,-0.262639157474041,-0.18405850852529207,-0.15628735014858344,-0.13858192848662534,-0.11189715238288045,-0.09812165369900565,-0.07677778601646423,-0.11979003250598907,-0.1369691436799864,-0.07317502237856388,-0.15210221925129494,-0.22247794270515442,-0.3311908319592476,-0.36580779651800793
Equatorial Guinea,GNQ,-1.1001390119393666,-1.2561882585287094,-1.2995250523090363,-1.3059648672739665,-1.1789978655676048,-1.2907268181443214,-1.3352206299702327,-1.2653935824831326,-1.2365388323863347,-1.235078143576781,-1.1910762041807175,-1.2423661723732948,-1.2407139490048091,-1.257091224193573,-1.2934208624064922,-1.4064266234636307,-1.3655607501665752,-1.3672298540671666,-1.382265217602253,-1.2904043371478717
Eritrea,ERI,-0.7883722881476084,-0.5421868960062662,-0.6675173342227936,-0.7483951256920894,-0.9786702965696653,-1.0497168426712353,-1.1683731476465862,-1.3148430436849594,-1.3797645022471745,-1.3402045617500942,-1.3828808963298798,-1.4304072459538777,-1.4323293169339497,-1.4600917895634968,-1.5039926767349243,-1.5127142171065013,-1.579029381275177,-1.6073856751124065,-1.5964973171552022,-1.6071509420871735
Estonia,EST,0.7614803910255432,0.8023866216341654,0.9017659823099772,0.9486597776412964,0.9881225725015005,0.9920869072278341,0.9762198229630789,1.0694862008094788,1.0467366476853688,1.0722385744253795,1.0324056545893352,1.0663436849912007,1.0747986833254497,1.0621930360794067,1.112437019745509,1.220025469859441,1.1950597763061523,1.1949323415756226,1.1897708872954051,1.2190878689289093
Ethiopia,ETH,-1.0892292261123657,-0.840888112783432,-0.8999588042497635,-1.0135426620642345,-1.0082662006219227,-0.9743358989556631,-1.114444891611735,-0.9845202962557474,-0.9445604085922241,-0.942577471335729,-0.9824724048376083,-0.9624565194050471,-0.9585109353065491,-0.937746673822403,-0.9313571006059647,-0.838197926680247,-0.9056085695823034,-0.9454216212034225,-0.972808837890625,-0.8329477260510126
Fiji,FJI,0.31182255906363326,0.22807810455560684,-0.18783477445443472,0.11506192665547132,0.02490881395836671,-0.08103906114896138,-0.06397878006100655,-0.15542839809010425,-0.35182499699294567,-0.4655983454237382,-0.6943469345569611,-0.666104182600975,-0.5526770899693171,-0.5607434113820394,-0.5492622659852108,-0.11768182118733723,-0.04658429386715094,0.029117722374697525,0.13333885371685028,0.2085930829246839
Finland,FIN,1.7196540633837383,1.8414440552393596,1.9515740076700847,1.9506445129712422,1.9695657293001811,1.9601239562034607,1.8938560088475545,1.8676653107007344,1.7977231740951538,1.8050877849260967,1.8646830121676128,1.857302188873291,1.8516666094462078,1.872992177804311,1.8539155920346577,1.828745424747467,1.7619992693265278,1.7386454343795776,1.7722448110580444,1.7611282269159954
France,FRA,1.2051855325698853,1.175482193628947,1.2449265619119008,1.1952425440152485,1.1639481708407402,1.2631359249353409,1.2635862280925114,1.2845142980416615,1.253091921408971,1.2720166146755219,1.224185198545456,1.2687894602616627,1.2122516135374706,1.1956096490224202,1.17720960577329,1.1316700627406437,1.099801340450843,1.0548358509937923,1.1057271560033162,1.1165196572740872
French Guiana,GUF,0.7199133951216936,0.7466621256122986,0.7307616639882326,0.7460722277561823,0.7568594018618265,0.5410532206296921,0.6490756447116534,0.5983744505792856,0.5552390068769455,0.5707910222311815,1.008535956343015,1.0101981883247693,0.9986003016432127,1.0033829559882481,1.0023711969455082,1.0793912410736084,1.1216424604256947,1.111721972624461,1.1070732076962788,1.1168603797753651
Gabon,GAB,-0.33607268209258717,-0.288014180958271,-0.239411398768425,-0.24004013339678446,-0.3202835371096929,-0.49555034438769024,-0.43077412496010464,-0.6052014281352361,-0.6058808714151382,-0.6232275714476904,-0.6173435871799787,-0.5450414270162582,-0.5348683595657349,-0.5393142600854238,-0.533663014570872,-0.5589720010757446,-0.6113055230428776,-0.6703895144164562,-0.7288174840311209,-0.7415136570731798
Gambia,GMB,-0.42222663822273415,-0.2612490250418584,-0.31138627231121063,-0.2973225365082423,-0.21544897680481276,-0.41901154071092606,-0.5278531710306803,-0.5154437888413668,-0.47219475358724594,-0.5132092696925005,-0.4969896549979846,-0.5395997775097688,-0.5267205238875855,-0.5416565114283003,-0.6187048753102621,-0.6548230598370234,-0.7240348691120744,-0.7723570863405863,-0.477528137465318,-0.3959649798149864
Georgia,GEO,-1.0558686256408691,-0.8803248306115469,-0.6793292760848999,-0.9272228678067526,-0.6825550695260366,-0.5104831370214621,-0.4675465760131677,-0.3103224703421195,-0.15876578291257223,-0.1286551021039486,-0.11603093023101489,-0.02962808683514595,0.06372397268811862,0.17122569556037584,0.2504235499848922,0.3938603773713112,0.34777141114075977,0.42939304808775586,0.4334256947040558,0.4322575231393178
Germany,DEU,1.5564258694648743,1.569781978925069,1.604428509871165,1.5662323832511902,1.4250110884507496,1.434109350045522,1.4911335905392964,1.5329293409983318,1.5157227714856465,1.466622680425644,1.4507996737957,1.4410584171613057,1.4434430499871571,1.465564250946045,1.4821736415227253,1.5818608701229095,1.5357691546281178,1.5103602707386017,1.4880981544653575,1.4955278436342876
Ghana,GHA,-0.24626896530389786,-0.19897175331910452,-0.039066072553396225,-0.16132925792286792,-0.057425822441776596,-0.13017032854259014,-0.07173386464516322,0.09092390025034547,0.09685185427467029,0.04358723387122154,0.08561335092720886,0.10038978839293122,0.11593334019804995,0.08759494638070464,0.08970179160435994,-0.011692423839122057,0.02633185312151909,-0.0080620888620615,0.057150352746248245,0.04587915167212486
Greece,GRC,0.7206676055987676,0.810432622830073,0.7945765852928162,0.8177176316579183,0.770710900425911,0.7849777489900589,0.7389056086540222,0.7217622399330139,0.6834124277035395,0.610040674606959,0.4766915924847126,0.42398985909918946,0.3674140175183614,0.2612614830334981,0.3380375523120165,0.24107449874281883,0.21291780595978102,0.15620345373948416,0.1886956269542376,0.27835537244876224
Greenland,GRL,NA,NA,NA,NA,NA,NA,NA,NA,NA,NA,1.3430181741714478,1.3769624829292297,1.4208133419354756,1.4239466190338135,1.4153017302354176,1.4076970914999645,1.3883134325345357,1.3854342997074127,1.3802546958128612,1.3959141572316487
Grenada,GRD,0.6692660450935364,0.6236614535252253,0.5944522321224213,0.6148329973220825,0.5807945877313614,0.4625997443993886,0.4329145203034083,0.46562474220991135,0.39630777140458423,0.34958041707674664,0.36940912654002506,0.397273904333512,0.3696507066488266,0.38987812648216885,0.3768369605143865,0.3072536687056224,0.36521198352177936,0.4796391725540161,0.4067152601977189,0.2788297086954117
Guam,GUM,NA,NA,NA,NA,NA,0.6179180244604746,0.6945288628339767,0.6631670743227005,0.693368727962176,0.7056652481357256,0.6623996077105403,0.6210812150190274,0.6811503876621524,0.6731662402550379,0.6746793842564026,NA,NA,NA,NA,NA
Guatemala,GTM,-0.6655914857983589,-0.5220573432743549,-0.5552128677566847,-0.5783332089583079,-0.6554760585228602,-0.6090728094180425,-0.6803977489471436,-0.6097213874260584,-0.5933592319488525,-0.5692200710376104,-0.597893106440703,-0.5832303563753763,-0.5752938836812973,-0.6087982927759489,-0.6089518864949545,-0.6020460352301598,-0.6015416383743286,-0.567161537706852,-0.6046085804700851,-0.6058318614959717
Guinea,GIN,-1.129412333170573,-0.8609588146209717,-1.1272091170152028,-1.0544327100118,-0.9241927365461985,-1.0499701499938965,-1.1463962594668071,-1.3633126815160115,-1.4950573245684307,-1.4400885701179504,-1.3661965330441792,-1.2475806673367817,-1.158930520216624,-1.173214594523112,-1.1404503385225933,-1.086670498053233,-0.9018597702185313,-0.8606869379679362,-0.9261147379875183,-0.9387480715910593
Guinea-Bissau,GNB,-1.270593285560608,-1.3880059719085693,-0.9310707996288935,-0.937959760427475,-0.9806877424319586,-1.022040178378423,-0.9884113669395447,-0.9162729779879252,-0.974860722819964,-1.0384586254755657,-1.028330037991206,-1.0280873080094655,-1.0369994044303894,-1.2582257091999054,-1.30813995997111,-1.1990911265214284,-1.1416959166526794,-1.1825304875771205,-1.2071305563052495,-1.1317293643951416
Guyana,GUY,-0.1514795422554016,-0.023740627026806276,-0.20475317786137262,-0.2613279769817988,-0.23075911278525987,-0.34765471269687015,-0.48503278692563373,-0.4499527004857858,-0.3593655625979106,-0.40239936485886574,-0.4032736172278722,-0.35168950880567235,-0.37716395532091457,-0.4190372098237276,-0.38899671503653127,-0.34943102051814395,-0.32815579573313397,-0.18737168548007807,-0.20787214239438376,-0.21097206821044287
Haiti,HTI,-0.9863064289093018,-1.0170075297355652,-1.0553767283757527,-1.4096190333366394,-1.4306441744168599,-1.5874443252881367,-1.4330376982688904,-1.1591595510641735,-1.1141253511110942,-1.0855595568815868,-1.0737237135569255,-1.1445574065049489,-1.182683249314626,-1.1165731151898701,-1.0524843732515972,-1.1601531902949016,-1.179063618183136,-1.1922772427399952,-1.1873103380203247,-1.1331382989883423
Honduras,HND,-0.6895105540752411,-0.4202534621581435,-0.4947653238972028,-0.536988211174806,-0.5821348304549853,-0.5600689152876536,-0.6434212177991867,-0.6245997200409571,-0.5305923074483871,-0.6029556890328726,-0.6029442250728607,-0.60588355610768,-0.5429159104824066,-0.6341895088553429,-0.6564546252290407,-0.6469470957914988,-0.6000836541255316,-0.6481447915236155,-0.6191513439019521,-0.6313837766647339
Hong Kong SAR China,HKG,0.9700350562731425,1.0018901179234188,1.0389825010982652,1.202953743437926,1.4008747140566509,1.480348567167918,1.459004153807958,1.4946165680885315,1.4797566334406536,1.4631056040525436,1.3981456110874813,1.4188457628091176,1.3939135074615479,1.4583429098129272,1.4235128660996754,1.509950876235962,1.5228480398654938,1.401431143283844,1.4425854285558064,1.470067709684372
Hungary,HUN,0.8855012257893881,0.9900115728378296,0.9698551396528879,1.0566373368104298,0.9980135162671407,0.9353915850321451,0.9229426980018616,0.9571980734666189,0.8791241745154063,0.8361217031876246,0.7384402453899384,0.7348468055327734,0.7420060088237127,0.6689322491486868,0.6665478845437368,0.5291827196876208,0.5197213813662529,0.44065940007567406,0.493861344953378,0.46197879935304326
Iceland,ISL,1.5392409165700276,1.6243728399276733,1.801120400428772,1.8020439743995667,1.8481804927190144,1.8167433937390645,1.8088931441307068,1.733159025510152,1.7123641570409138,1.6654165585835774,1.5021380583445232,1.438808004061381,1.4887498021125793,1.4782601396242778,1.4885404507319133,1.4749948978424072,1.5094865759213765,1.4748820463816326,1.5088715155919392,1.5453182657559712
India,IND,-0.20383340617020926,-0.20317415396372476,-0.15854189793268839,-0.29502563054362935,-0.29611177121599513,-0.30597048811614513,-0.20435108492771784,-0.183976070334514,-0.19751681263248125,-0.21751687427361807,-0.2784102219156921,-0.2821438160414497,-0.30942141932124895,-0.3531312793493271,-0.3355543538928032,-0.28821559498707455,-0.20351440024872622,-0.17601818218827248,-0.12972278667924306,-0.10639518623550732
Indonesia,IDN,-0.6936753100405136,-0.9433922618627548,-0.7336423546075821,-0.8277472903331121,-0.9124924490849177,-0.8310790906349818,-0.7413976999620596,-0.6291340726117293,-0.5231274561956525,-0.4837827382919689,-0.47560326252520707,-0.48553510941565037,-0.4474814004885654,-0.3821321129798889,-0.3369866982102394,-0.21862180096407732,-0.29480790098508197,-0.17750952253118157,-0.17210367321968079,-0.13525942340493202
Iran,IRN,-0.7862932433684667,-0.7981381714344025,-0.78554567694664,-0.7750601122776667,-0.7648063252369562,-0.7913936972618103,-0.8661899417638779,-0.9939730117718378,-1.0388793746630351,-1.0774077276388805,-1.2055320739746094,-1.232320636510849,-1.132789025704066,-1.0969560941060383,-1.1185497244199116,-1.0027006367842357,-0.9146414051453272,-0.8278894970814387,-0.8540482396880785,-1.0006250987450283
Iraq,IRQ,-1.8631864388783772,-1.7724283536275227,-1.8028336366017659,-1.752249280611674,-1.6438796321551006,-1.89595228433609,-1.7071325778961182,-1.7247151931126912,-1.6801717480023701,-1.5313054919242859,-1.4022327264149983,-1.3826530675093334,-1.293851633866628,-1.3407175143559773,-1.3551283677419026,-1.4430665175120037,-1.4431393543879192,-1.45592200756073,-1.47185883919398,-1.5402034123738606
Ireland,IRL,1.519936482111613,1.5999429821968079,1.584774633248647,1.5355961124102275,1.4633023142814636,1.4309197664260864,1.5562907656033833,1.5657087564468384,1.5859737793604534,1.5814684629440308,1.4925109545389812,1.461890975634257,1.4383326570192974,1.4299506942431133,1.4252232710520427,1.5194154779116313,1.4975591897964478,1.3853299816449482,1.3580313523610432,1.3961058855056763
Israel,ISR,0.6737859745820364,0.6504007776578268,0.6617541909217834,0.5833041568597158,0.5546568930149078,0.5365726550420126,0.4923887451489766,0.6125181019306183,0.584654837846756,0.6081084907054901,0.49532244602839154,0.5870621899763743,0.6548261642456055,0.6440336406230927,0.6425464351971945,0.6813749273618063,0.7359454135100046,0.8181948363780975,0.7190010945002238,0.6591178079446157
Italy,ITA,0.9000671803951263,0.8721599082152048,0.8580425878365835,0.8224453826745352,0.7542554835478464,0.6944057693084081,0.6726873765389124,0.6350019027789434,0.5855510085821152,0.5934756447871526,0.562720368305842,0.55536966274182,0.5261136889457703,0.5108638517558575,0.524575105557839,0.4702007382487257,0.47979504490892094,0.5103895924985409,0.5132818520069122,0.48741169770558673
Jamaica,JAM,0.14917026832699776,0.18876158446073532,0.12429420681049426,-0.01369410598029693,-0.0640415580322345,-0.04995706925789515,-0.08734609931707382,0.022237757841746014,0.050304606556892395,0.03280446926752726,-0.00360184907913208,-0.026247044404347736,0.06180432438850403,0.036553516518324614,0.06261264160275459,0.048679170509179435,0.10015085463722546,0.20044342676798502,0.21674475570519766,0.24645579606294632
Japan,JPN,1.0763258934020996,1.0571824411551158,1.1309449871381123,0.9896320005257925,1.1396055221557617,1.177408218383789,1.174492637316386,1.2725829978783925,1.188359260559082,1.1817026038964589,1.2034430901209514,1.2255476117134094,1.2485935191313426,1.2656753361225128,1.327039122581482,1.376021832227707,1.3572237888971965,1.3611597418785095,1.3665539820988972,1.341040035088857
Jersey,JEY,NA,NA,NA,NA,NA,NA,NA,NA,NA,NA,NA,NA,1.38457190990448,1.3866500059763591,1.378016730149587,1.367909550666809,1.3561872839927673,1.2383162677288055,1.23314834634463,1.233001708984375
Jordan,JOR,-0.008207530714571476,0.09558303095400333,0.06815153603868869,-0.17438445861140886,0.06368178377548854,0.023581364502509434,0.00991707636664311,-0.059224498768647514,0.034431613981723785,0.0343770037094752,-0.03658623993396759,-0.09131766545275848,-0.09786170224348704,-0.10580426237235467,-0.14420041690270105,-0.08341912801067035,-0.07830691834290822,-0.07505700675149758,-0.08240294083952904,-0.08361104379097621
Kazakhstan,KAZ,-0.8242430140574774,-0.6335625251134237,-0.7321655886868635,-0.7656250496705373,-0.6394419570763906,-0.7165204274157683,-0.6067427098751068,-0.6298637464642525,-0.5692731589078903,-0.5121327439943949,-0.4312742352485657,-0.4981897970040639,-0.61325520525376,-0.667375182112058,-0.6942240993181864,-0.4784453635414441,-0.4328392619887988,-0.43627443521594006,-0.37371277979885537,-0.3237386794595902
Kenya,KEN,-0.7201259831587473,-0.7961908827225367,-0.7682824482520422,-0.7525837471087774,-0.684007003903389,-0.6429378067453703,-0.7243089824914932,-0.6462323342760404,-0.7059576312700907,-0.7548054630557696,-0.7679606055219969,-0.6459428605933984,-0.691545325020949,-0.7252801110347112,-0.6465166310469309,-0.5711904987692833,-0.5842862079540888,-0.5714738902946314,-0.5417673364281654,-0.5708813890814781
Kiribati,KIR,NA,NA,NA,NA,0.17206396659215292,0.18709674974282584,0.15586943769206604,0.24592831482489905,0.1819946989417076,0.09013984290262063,0.001782439649105072,-0.02501996544500192,0.025626997152964275,0.01497913726295034,0.018630024045705795,0.06485817705591519,0.08684036135673523,0.18184897303581238,0.29465191314617795,0.32712478935718536
Kuwait,KWT,0.23937473446130753,0.21363924257457256,0.2507283892482519,0.2638917937874794,0.3010573573410511,0.3362693016727765,0.243256077170372,0.23056023319562277,0.23497133205334345,0.1889758095300446,0.186602716644605,0.19168216238419214,0.08264501951634884,-0.061512112617492676,-0.07606512680649757,-0.1700059768433372,-0.21790927111093575,-0.19272304916133484,-0.1869459624091784,-0.11350222366551559
Kyrgyzstan,KGZ,-0.5598947256803513,-0.4462645333260298,-0.6062876669069132,-0.69247488429149,-0.7988237937291464,-0.8539098501205444,-1.0523503323396046,-1.0409985383351643,-0.9639335423707962,-0.8990214318037033,-0.9287863572438558,-0.8861741125583649,-0.8397002766529719,-0.7971657812595367,-0.7811769892772039,-0.7703418880701065,-0.8071201394001642,-0.7362631460030874,-0.6510232786337534,-0.6299533446629842
Laos,LAO,-0.7015799234310786,-0.755490538974603,-0.9974816342194875,-1.060994101067384,-1.3107488354047139,-1.1348110139369965,-1.1939087162415187,-1.0659600757062435,-1.032792588075002,-0.9629619959741831,-1.028178632259369,-1.0013190160195033,-0.9542836621403694,-0.8564169804255167,-0.8143481525282065,-0.6833114176988602,-0.7065842946370443,-0.6830500513315201,-0.712724099556605,-0.769035076101621
Latvia,LVA,0.4339267412821452,0.4001643831531207,0.39357369020581245,0.5970792404065529,0.7080599367618561,0.6123527437448502,0.6814035127560297,0.7349151621262232,0.665123368302981,0.6054405495524406,0.6414038017392159,0.6717824339866638,0.6247324446837107,0.6858535682161649,0.732202798128128,0.792442669471105,0.7885486632585526,0.7995312462250391,0.7973469446102778,0.7922963152329127
Lebanon,LBN,-0.4127001389861107,-0.3461473922555645,-0.3371275911728541,-0.4076583782831828,-0.38662639384468395,-0.3995800241827965,-0.41626350333293277,-0.7072872345646223,-0.7930765251318613,-0.7416055351495743,-0.6586080702642599,-0.6273362835248312,-0.6444951587667068,-0.689259177694718,-0.7111125638087591,-0.757930671175321,-0.7739433944225311,-0.8027950723965963,-0.8078983674446741,-0.8332009166479111
Lesotho,LSO,-0.07932474464178085,-0.12860428666075072,-0.1022307223174721,-0.07471936444441478,-0.09389049171780546,-0.1546629878381888,-0.18089561467058957,-0.21528838322653124,-0.31089415509874624,-0.25010668610533077,-0.12207740545272827,-0.11033548538883527,-0.12014216557145119,-0.11268741264939308,-0.03989194706082344,-0.19283328453699747,-0.22898960982759795,-0.26383104268461466,-0.2716398425400257,-0.3218853672345479
Liberia,LBR,-1.8076974352200825,-1.6969086627165477,-1.663924256960551,-1.6279391447703044,-1.5893749396006267,-1.4859987298647563,-1.2168890486160915,-0.9767867947618166,-0.8575905958811442,-0.9872986401120821,-0.8744540239373843,-0.7561414167284966,-0.7708655744791031,-0.7501592437426249,-0.7915175408124924,-0.7791371544202169,-0.7953205183148384,-0.7398525352279345,-0.7138235361004869,-0.7313106438765923
Libya,LBY,-1.1933102409044902,-1.2258575359980266,-1.1207721183697383,-1.1037788378695648,-0.9632881792883078,-0.9096014698346456,-0.9790259351332983,-1.0517755796511967,-0.9216807385285696,-0.8327571451663971,-0.9081701536973318,-1.0802540387958288,-1.3724064230918884,-1.3532949388027191,-1.4942251841227214,-1.7254641850789387,-1.7783137361208599,-1.8871448437372844,-1.8614364862442017,-1.9044644832611084
Liechtenstein,LIE,1.4493065277735393,1.477730969587962,1.4690364201863606,1.4832891424496968,1.4842416842778523,1.454593578974406,1.3896056214968364,1.3457871079444885,1.380540370941162,1.4110286633173625,1.6207019488016765,1.6520770986874898,1.6264302531878154,1.6079500118891399,1.6076500018437703,1.6355576713879902,1.6124508182207744,1.5896721879641216,1.624706248442332,1.6269616882006328
Lithuania,LTU,0.6625214914480845,0.5770563781261444,0.47307053705056507,0.679788663983345,0.7822365909814835,0.753496120373408,0.7365191777547201,0.7183166022102038,0.7244299625356992,0.6998382732272148,0.690042515595754,0.7492315272490183,0.7114870548248291,0.8195800383885702,0.8587530702352524,0.8963564733664194,0.9702292581399282,0.9629546801249186,0.9048173526922861,0.8861822833617529
Luxembourg,LUX,1.718137760957082,1.7075862685839336,1.8170037070910137,1.8284260829289753,1.7126264174779255,1.731296976407369,1.63638569911321,1.6294950445493062,1.6810514728228252,1.6857722997665405,1.6999355554580688,1.7220113674799602,1.7548275391260784,1.723820726076762,1.7194082339604695,1.6996675928433735,1.723275085290273,1.6985550324122112,1.6573137442270915,1.7290629943211873
Macau SAR China,MAC,0.3559924488266309,0.3776708245277405,0.43706563115119934,0.545774707570672,1.102147142092387,1.1810707499583561,0.8903989593187968,0.7021921426057816,0.5281691495329142,0.5856960974633694,0.7845426226655642,0.8415844837824503,0.8361765195926031,0.6521311973532041,0.6831275125344595,0.9794788261254629,0.9821290063361326,1.003547791391611,1.0006152174125116,0.9586025103926659
Macedonia,MKD,-0.4629639685153961,-0.4179149642586708,-0.5020516266425451,-0.5439529245098432,-0.44756409091254074,-0.3297171064962943,-0.43161067242423695,-0.2711007011433442,-0.1730154293278853,-0.07264590884248416,-0.04742793180048466,-0.08629228298862775,-0.12882236825923124,-0.08344105631113052,-0.07357472864290078,0.10913101521631081,-0.06062061836322149,-0.10090162729223569,-0.048574077586332955,-0.03989154907564322
Madagascar,MDG,-0.3393980301916599,-0.4111798629164696,-0.23850884785254797,-0.2500906139612198,-0.07105348880092303,-0.18130173394456506,-0.19053967421253523,-0.2218935266137123,-0.21640197932720184,-0.41449229915936786,-0.660709078113238,-0.7754944811264673,-0.7521463483572006,-0.7738445401191711,-0.8116426567236582,-0.7715955873330435,-0.7328860362370809,-0.6968913326660792,-0.7311649123827616,-0.7549598067998886
Malawi,MWI,-0.3020025963584582,-0.18366090332468352,-0.29327009866635007,-0.5258012547856197,-0.4111474324017763,-0.4352176475028197,-0.4201376897593339,-0.37731895968317986,-0.3053909142812093,-0.31569769605994225,-0.25561728576819104,-0.29088988651831943,-0.33602387458086014,-0.3467954093357548,-0.38653915623823804,-0.40814093376199406,-0.4216482562478632,-0.4745194685334961,-0.4529681097095211,-0.4843844696879387
Malaysia,MYS,0.4359842861692111,0.27330366025368374,0.3172382488846779,0.3916674256324768,0.44734322528044385,0.42124172548453015,0.4741099228461583,0.3773440221945445,0.34084975719451904,0.2112740520387888,0.19010158814489841,0.32004443059364956,0.2856568020458023,0.3068771178368479,0.35575984170039493,0.4764364113410314,0.3843511566519737,0.31520406777660054,0.2778870388865471,0.47480636462569237
Maldives,MDV,0.30723424907773733,0.25575636327266693,0.19850034887591997,0.18557358781496683,0.12395199295133352,-0.19846735677371422,0.02344534421960513,-0.06485211104154587,-0.2861880101263523,-0.34189024567604065,-0.324322830264767,-0.2807153103252252,-0.36371757338444394,-0.4455526073773702,-0.4303881973028183,-0.21764012177785239,-0.323952317237854,-0.3608643611272176,-0.46433531989653903,-0.49657729764779407
Mali,MLI,-0.3712889727515479,-0.34001286576191586,-0.3159296636780103,-0.20215345422426859,-0.18958709504901586,-0.20213661342859268,-0.2483430951833725,-0.2092253416776657,-0.21031918625036874,-0.2693847914536794,-0.3758515777687232,-0.41835837811231613,-0.48345500230789185,-0.9056702504555384,-0.82347272336483,-0.82775400330623,-0.8017759049932162,-0.8035542120536169,-0.8478685865799586,-0.9013083279132843
Malta,MLT,0.9863858968019485,1.0691490471363068,1.230243941148122,1.2135081887245178,1.2571350832780201,1.1336281895637512,1.1249964932600658,1.192216694355011,1.2525020241737366,1.271123210589091,1.1993769307931264,1.208546906709671,1.1325675547122955,1.1824267705281575,1.178706427415212,1.077766329050064,1.0536651412645976,1.0180550416310628,1.0981710652510326,1.0594930748144786
Marshall Islands,MHL,NA,NA,NA,NA,0.018856265892585117,-0.04195225735505422,-0.01375855008761088,-0.0685048916687568,-0.09623910672962666,-0.024287795027097065,-0.08458602428436279,-0.0988852431376775,-0.08068166300654411,-0.0988922066365679,-0.052915485575795174,-0.115625761449337,-0.15872388457258543,-0.2154929656535387,-0.06324076980430011,-0.13423926321168742
Martinique,MTQ,0.8358342399199804,0.8631677528222402,0.8861790796120962,0.8679243723551432,0.8860729237397512,0.9334021707375845,0.8550744454065958,0.8142492671807607,0.809212327003479,0.7399701774120331,0.7159059246381124,0.709856703877449,0.7394340932369232,0.7296050985654196,0.7369979520638784,NA,NA,NA,NA,NA
Mauritania,MRT,-0.2975107952952385,-0.3117958400398493,-0.30615634471178055,-0.10325560509227216,-0.2100688861683011,-0.5068996530026197,-0.5131671826044718,-0.5742279787858328,-0.5986089756091436,-0.8559189438819885,-0.8010402222474416,-0.8981651465098063,-0.8959261178970337,-0.8819068868954977,-0.9099015593528748,-0.8451705873012543,-0.8685751358668009,-0.7504703402519226,-0.7136449416478475,-0.7587562600771586
Mauritius,MUS,0.49305527471005917,0.6978279600540797,0.6888698091109594,0.7346429179112116,0.7606813212235769,0.686988631884257,0.7151308159033457,0.6954454084237417,0.7303602198759714,0.8053948183854421,0.774763286113739,0.7670818269252777,0.8153358896573385,0.850498174627622,0.8230116267999014,0.8406634777784348,0.8539194266001383,0.796364297469457,0.7563523029287657,0.7643351902564367
Mexico,MEX,-0.30789258020619553,-0.12501258899768194,-0.011986608306566874,0.0871982512374719,0.050234075635671616,-0.0037344383696715036,-0.1008767622212569,-0.118430790801843,-0.13609543070197105,-0.17596266170342764,-0.1577101324995359,-0.1741995910803477,-0.15160164361198744,-0.11264656980832417,-0.14133210852742195,-0.2359905009458695,-0.2532981274028619,-0.25917745505770046,-0.3536207952226202,-0.35288751404732466
Micronesia (Federated States of),FSM,NA,NA,NA,NA,0.0016867009301980336,0.2691776218513648,0.4506736385325591,0.4204023654262225,0.23461479942003885,0.16715630888938904,0.12446700595319271,0.055079025526841484,0.007807837799191475,0.06207412760704756,0.0751256321867307,0.1753658801317215,0.19583866993586221,0.25131141270200413,0.3629554540384561,0.34201669475684565
Moldova,MDA,-0.1352934231981635,-0.09823638728509347,-0.41942572345336276,-0.5330415343244871,-0.5169895440340042,-0.5729316820700964,-0.5311894615491232,-0.4887365698814392,-0.4289142925602694,-0.4313924163579941,-0.45165251692136127,-0.37320107718308765,-0.2756412805368503,-0.2661810424178839,-0.2799428320140578,-0.27413868500540656,-0.38075688915948075,-0.4188698710252841,-0.35452370283504325,-0.3519202346603076
Monaco,MCO,NA,NA,NA,NA,NA,NA,NA,NA,NA,NA,NA,NA,NA,NA,NA,NA,NA,NA,NA,NA
Mongolia,MNG,0.15529638901352882,0.13975815661251545,0.08948683552443981,0.2519523088509838,0.10521764556566875,-0.020923690870404243,-0.12503790110349655,-0.1354889770348867,-0.13268356521924338,-0.17717278500398,-0.20799726992845535,-0.2037414809068044,-0.18469673208892345,-0.20282692089676857,-0.18706660096844038,-0.08202514549096425,-0.10900785028934479,0.04133215049902598,-0.009329420824845632,0.0156440744176507
Montenegro,MNE,NA,NA,NA,NA,NA,NA,NA,-0.13776785507798195,-0.08641484752297401,0.09147675894200802,0.14446345499406257,0.09709567188595732,0.10542514268308878,0.14564700114230314,0.11712043608228366,0.1323381376763185,0.09786600681642692,0.10059331854184468,0.07748865662142634,0.13389845999578634
Morocco,MAR,-0.11948597431182861,0.0636512750837331,-0.10046453525622685,-0.2041175306464235,-0.3162597641348839,-0.22831490387519202,-0.40103063484032947,-0.36848491926987964,-0.372998870909214,-0.3963991453250249,-0.3133023219803969,-0.27388833090662956,-0.33323963979880017,-0.3107349630445242,-0.3269754300514857,-0.27804818128546077,-0.2519791362186273,-0.2613448811074098,-0.2944681669274966,-0.30034206062555313
Mozambique,MOZ,-0.37082813990612823,-0.3254899817208449,-0.3498417188723882,-0.3123399193088214,-0.3442268365373214,-0.3885152533184737,-0.37472859987368184,-0.3302818089723587,-0.31729892392953235,-0.29194079463680583,-0.24323372915387154,-0.2708764635026455,-0.33278171966473263,-0.3399817223350207,-0.48639143506685895,-0.5320989812413851,-0.6047142247358958,-0.8343674590190252,-0.7987323055664698,-0.7794678757588068
Myanmar (Burma),MMR,-1.518929938475291,-1.545186718304952,-1.6334322889645894,-1.6379545132319133,-1.6103716095288594,-1.733426531155904,-1.6642627517382305,-1.6534982522328694,-1.6998304327329,-1.7005455891291301,-1.751642147699992,-1.7393644054730732,-1.614203115304311,-1.3829793830712636,-1.3045812646547954,-1.1931772728761036,-1.1529727280139923,-0.8258526623249054,-0.8908102413018545,-0.9398385286331177
Namibia,NAM,0.5339436928431193,0.371404193341732,0.21903004993995032,0.24920542538166046,0.2790774703025818,0.21859562975199273,0.2050293112794558,0.30579114332795143,0.3233758391191562,0.4932691802581151,0.3352318728963534,0.30673957243561745,0.29834352309505147,0.36082358037432033,0.37081292395790416,0.2822428531944752,0.330096498131752,0.336526982486248,0.29190537830193836,0.29648914622763795
Nauru,NRU,NA,NA,NA,NA,NA,NA,NA,NA,0.17158813774585724,0.1392312248547872,0.19163141151269278,0.23214562811578313,0.17021440279980501,0.18235021519164243,0.022091954946517944,-0.3134089857339859,-0.37996161977450055,-0.19828944901625314,-0.2843429446220398,-0.03244831723471483
Nepal,NPL,-0.26046712378350395,-0.4413029248826206,-0.5548674265543619,-0.72135558227698,-0.7864538977543513,-1.030809650818507,-1.0306263466676076,-0.9241061309973398,-0.8547823627789816,-0.8728176852067312,-0.8800893177588781,-0.8822425256172816,-0.858730768163999,-0.8924801349639893,-0.8063369691371918,-0.6793916076421738,-0.7536473274230957,-0.7143412431081136,-0.6589293529589971,-0.5927998125553131
Netherlands,NLD,1.7740371823310852,1.850033740202586,1.908811628818512,1.7508769234021504,1.7100471258163452,1.7230669458707173,1.664616088072459,1.6246198813120525,1.6311129927635193,1.6164898077646892,1.6329691112041473,1.635889212290446,1.6989160180091858,1.7230481108029683,1.6910465955734253,1.6916108926137288,1.657881498336792,1.6782952050367992,1.6811394194761913,1.693138321240743
New Zealand,NZL,1.7672024766604106,1.782798171043396,1.7522727847099304,1.7195351719856262,1.7571666240692139,1.854249616463979,1.7202304005622864,1.6965672572453816,1.7122267683347066,1.7159422039985657,1.758200228214264,1.7637861371040344,1.8343613743782043,1.8065887093544006,1.811234752337138,1.8561317722002666,1.8604076306025188,1.8618812561035156,1.8604498108228047,1.8108412226041157
Nicaragua,NIC,-0.4261489547789097,-0.4223369719305386,-0.4741576922436555,-0.4109107280770938,-0.37817926456530887,-0.4264388104590277,-0.5120614146192869,-0.532392310599486,-0.5455184578895569,-0.5788926010330518,-0.6083395977814993,-0.6339865426222483,-0.5900464604298273,-0.5970331877470016,-0.5379162430763245,-0.5442234668880701,-0.556012629220883,-0.5802180767059326,-0.5978204396863779,-0.9127237498760223
Niger,NER,-0.8590224056194226,-0.8029599239428838,-0.5362345625956854,-0.5788263157010078,-0.47402986822028953,-0.5676486144463221,-0.5634409934282303,-0.5436822151144346,-0.5758645683526993,-0.6035753190517426,-0.6854707151651382,-0.691322977344195,-0.5513489817579588,-0.6665753225485483,-0.6971776137749354,-0.686279204984506,-0.6466166625420252,-0.6893724799156189,-0.7370911041895548,-0.7352701524893442
Nigeria,NGA,-1.1632931530475616,-1.0258622070153554,-0.9944815933704376,-1.2238116264343262,-1.2145942747592926,-1.2651161352793376,-1.1170092225074768,-1.1219358543554943,-1.1370506882667542,-1.0509931842486064,-1.1649035116036732,-1.1812851031621296,-1.1336224973201752,-1.1277704934279125,-1.128019392490387,-1.173895279566447,-1.024834896127383,-1.0410962651173274,-1.0309647917747498,-1.0719269116719563
Niue,NIU,NA,NA,NA,NA,NA,NA,NA,NA,NA,NA,-0.42058331767718,-0.3700518508752187,NA,NA,NA,NA,NA,NA,NA,NA
North Korea,PRK,-1.5063084264596303,-1.4979211390018463,-1.4217645437456667,-1.3368495106697083,-1.4002076511581738,-1.4170661220947902,-1.4262476212655504,-1.5340738352388144,-1.4765769839286804,-1.444390167792638,-1.5169951083759468,-1.5828603357076645,-1.585685337583224,-1.5541252074763179,-1.6318282932043076,-1.6799909869829814,-1.701154390970866,-1.6548605859279633,-1.65216197570165,-1.6119692921638489
Norway,NOR,1.7605591615041096,1.7665640711784363,1.6945074399312336,1.7183923125267029,1.6603970726331074,1.725073476632436,1.7025408347447712,1.668255587418874,1.6647335092226665,1.65412175655365,1.6681769092877705,1.7171879013379414,1.7390308380126953,1.787748912970225,1.8193441828091939,1.7557643850644429,1.7624917030334473,1.7774306535720825,1.819359302520752,1.764574686686198
Oman,OMN,0.2765181014935176,0.26568112056702375,0.353358202924331,0.4432813028494517,0.42085470259189606,0.46572108566761017,0.2687154859304428,0.2075390418370565,0.26480535169442493,0.34600915511449176,0.2586364398399989,0.20571166773637137,0.0923926110068957,0.1471284677584966,0.12705285102128983,0.23304050167401633,0.17060387631257376,0.20924318581819534,0.1644353320201238,0.13933648665746054
Pakistan,PAK,-0.7834669152895609,-0.7370378573735555,-0.9084062576293945,-0.9371233632167181,-0.895532970627149,-1.0088278502225876,-0.9611297647158304,-0.9068670521179835,-1.0159881015618641,-1.0994882484277089,-1.1300012071927388,-1.1105603178342183,-1.178232987721761,-1.1604629655679066,-1.1180117825667064,-1.0248898565769196,-1.0127878387769063,-1.026154617468516,-0.9656541844209036,-0.9683616062005361
Palau,PLW,NA,NA,NA,NA,NA,NA,NA,NA,NA,0.2303588887055715,0.27248049279054004,0.19655402501424155,0.19347378611564636,0.1932266801595688,0.15815365314483643,0.09683966636657715,0.08293501039346059,0.24676516155401865,0.17807701726754507,0.2896054352944096
Panama,PAN,0.12607244153817496,0.333286269257466,0.2081768438220024,0.18618141673505306,0.06372365169227123,0.06970809896787007,0.015041474252939224,0.07738003879785538,0.10348555694023769,0.16434707368413606,0.13080673416455588,0.09076469639937083,0.11993900469193856,0.06709252794583638,0.062204460302988686,0.15813199244439602,0.18537247305115065,0.17275906850894293,0.1360574485734105,0.10226133931428194
Papua New Guinea,PNG,-0.418546171238025,-0.39964398369193077,-0.4750077972809474,-0.6027542874217033,-0.6712411046028137,-0.7098275224367777,-0.8717121382554373,-0.7224189980576435,-0.6499197085698446,-0.6757815627691647,-0.7063612779602408,-0.6782580564419428,-0.6415254715830088,-0.6128036963442961,-0.6010555201210082,-0.4994355727297564,-0.5576068200170994,-0.5584635386864344,-0.6015922029813131,-0.5810572952032089
Paraguay,PRY,-0.6354318236311277,-0.8266329268614451,-0.9749182264010111,-0.9578393697738647,-0.8692926714817683,-0.8490026444196701,-0.8314210971196493,-0.8001611828804016,-0.7525733858346939,-0.6913915822903315,-0.6783924375971159,-0.6323756314814091,-0.5907184903820356,-0.6500509033600489,-0.6448908212284247,-0.5060793024798235,-0.4815557623902957,-0.4087150028596322,-0.41205491630050045,-0.3492561597377062
Peru,PER,-0.35914029491444427,-0.24081584314505258,-0.3444644386569659,-0.30170388612896204,-0.32651424407958984,-0.378636009991169,-0.4306884470085303,-0.3616954982280731,-0.31395748381813365,-0.2735004226366679,-0.3409070062140624,-0.2368913951019446,-0.1866042191783587,-0.23181290552020073,-0.22770549977819124,-0.19756529231866202,-0.1625241388877233,-0.0756281887491544,-0.11596810072660446,-0.13486227144797644
Philippines,PHL,-0.13347279839217663,0.03993636276572943,-0.34998804951707524,-0.2985028016070525,-0.43856210944553214,-0.5721423607319593,-0.3962375555032243,-0.5456182149549326,-0.4900299161672592,-0.5468665839483341,-0.5378213115036488,-0.5391514630173333,-0.45459729836632806,-0.3761440624172489,-0.3026253503436844,-0.1921192860851685,-0.23930071108043194,-0.34587131704514223,-0.3372198889652888,-0.335153391584754
Poland,POL,0.7925101319948832,0.8342754741509756,0.6949351280927658,0.70326995352904,0.6443338990211487,0.5035334055622419,0.5600032160679499,0.4895375768343608,0.5749152551094691,0.6962174127499262,0.753707746664683,0.8095709979534149,0.8286422391732534,0.8655856649080912,0.8593277037143707,0.8843481838703156,0.8641814986864725,0.7307696143786112,0.6702909817298254,0.6471236397822698
Portugal,PRT,1.3225578665733337,1.279476483662923,1.1932471692562103,1.305409828821818,1.2651724219322205,1.181678553422292,1.1817030310630798,1.0214182436466217,1.0147573550542195,1.077797253926595,1.036899705727895,0.9503191709518433,0.9266057908535004,0.9485857983430227,0.9766435523827871,0.9562401473522186,1.0558384160200756,1.0346632699171703,1.0954768359661102,1.072386642297109
Puerto Rico,PRI,0.8622763206561407,0.8929665237665176,0.9538364559412003,1.0030168344577153,0.956751823425293,0.8932377199331919,0.9063612371683121,0.7085808118184408,0.681007499496142,0.6670879026254019,0.5875846495230993,0.604077160358429,0.6151310056447983,0.6552843252817789,0.548220140238603,0.6806629647811254,0.5728339503208796,0.5232625119388103,0.4176816629866759,0.38167043030261993
Qatar,QAT,0.048560780783494316,0.2527612013121446,0.33322986886681366,0.3603091239929199,0.3681616981824239,0.37597539524237317,0.41314928730328876,0.4189967264731725,0.32741494476795197,0.4936659534772237,0.7242682377497355,0.640634814898173,0.5183793107668558,0.6765283246835073,0.6846989889939626,0.5357766151428223,0.5245599448680878,0.47907395164171857,0.3499394605557124,0.3482088843981425
Réunion,REU,NA,NA,NA,NA,NA,1.016481454173724,0.9895143955945969,0.9915715754032135,0.9869452118873596,0.9101470708847046,0.9109867513179779,0.904501830538114,0.901347334186236,0.9010138412316641,0.8975918740034103,NA,NA,NA,NA,NA
Russia,RUS,-0.687335379421711,-0.7643186499675115,-0.8558709174394608,-0.5815652360518774,-0.6590347612897555,-0.7212081179022789,-0.7171034713586172,-0.7558164844910303,-0.7408906469742457,-0.7406322409709295,-0.7543597320715586,-0.7493323385715485,-0.7487562348445257,-0.7359911849101385,-0.710393821199735,-0.6911079660058022,-0.7591822097698847,-0.7179684241612753,-0.6615152868131796,-0.637255464370052
Rwanda,RWA,-1.359982927640279,-1.2420665423075359,-1.1231488188107808,-1.0097722560167313,-0.849248081445694,-0.8362922569115957,-0.9355627199014028,-0.6164319142699242,-0.5024999117013067,-0.442416962236166,-0.44655199845631915,-0.30463893339037895,-0.25596746305624646,-0.2283415844043096,-0.13707008942340812,-0.06415301902840535,-0.0397836963335673,-0.043451388056079544,0.023489608118931454,-0.00443827360868454
Samoa,WSM,0.5660580452531576,0.4588203492263953,0.5749131037543217,0.5737162288278341,0.6085285370548567,0.4765042932704091,0.5684729193647703,0.5307336064676443,0.4804734028875828,0.4265821874141693,0.3418237039198478,0.28253854749103385,0.310517026266704,0.2965896303455035,0.33263387189557153,0.5113975902398428,0.5562263714770476,0.574599876999855,0.6697066488365332,0.648858617991209
San Marino,SMR,NA,NA,NA,NA,NA,NA,NA,NA,NA,NA,NA,NA,NA,NA,NA,NA,NA,NA,NA,NA
São Tomé & Príncipe,STP,0.16869398951530457,-0.047056057335187994,0.09984675360222657,-0.06751524781187375,-0.21543832123279572,-0.2395415442685286,-0.32991668457786244,-0.26284895837306976,-0.26745952914158505,-0.30123141904671985,-0.3288646514217059,-0.3860681739946206,-0.3358248551376164,-0.3660141211003065,-0.36924897382656735,-0.3176433933937612,-0.316565561418732,-0.27030064662297565,-0.2713425854841868,-0.21598407626152039
Saudi Arabia,SAU,-0.37122714271148044,-0.3600182781616847,-0.33990303923686344,-0.308343249305229,-0.2859087487061818,-0.42532820751269657,-0.35879905878876645,-0.44859851989895105,-0.3933158762132128,-0.32830554122726124,-0.36923592537641525,-0.27748900388057035,-0.4833867686490218,-0.3496571456392606,-0.3359181455646952,-0.2907060389018928,-0.34567960910499096,-0.2141565258304278,-0.2562739428249188,-0.23055240201453367
Senegal,SEN,-0.14532614996035895,-0.22610580358317142,-0.10772125981748104,0.03156206066099306,-0.11190726732214291,-0.045766899401011564,-0.10923448577523232,-0.23241380229592323,-0.33354175090789795,-0.2694876939058304,-0.3565082798401515,-0.4301103850205739,-0.36109574635823566,-0.2005604220709453,-0.14878008142113686,-0.09262383232514064,-0.08328285937507947,-0.092089577500019,-0.07186849849919479,-0.07620066155989964
Serbia,SRB,-1.0722664693991344,-1.2126675148804982,-1.0718810856342316,-0.560213575954549,-0.5420533418655396,-0.4274525046348572,-0.5342279598116875,-0.30027711639801663,-0.2793618788321813,-0.25845645119746524,-0.17217489207784334,-0.1452512772132953,-0.10529540820668142,-0.1449378045896689,-0.09417816003163655,0.04181295136610667,0.05871332064270973,-0.0010947386423746746,-0.02858903631567955,-0.05220750533044338
Seychelles,SYC,0.5448188545803229,0.2874496653676033,0.25061206209162873,0.2006737602253755,0.2031564936041832,0.09764477238059044,0.24660268984735012,0.07965211888464789,0.06096343075235685,0.13111550803296268,0.1205672857662042,0.1909962488959233,0.21093550386528173,0.21829311068480214,0.24288941329965988,0.1510704110066096,0.36408662671844166,0.3215022360285123,0.33418171604474384,0.36079342663288116
Sierra Leone,SLE,-1.2266413867473602,-1.307218184073766,-1.367509017388026,-1.0008825262387593,-0.9559193005164465,-0.8289389610290527,-0.9393174946308136,-0.814935639500618,-0.7339366891731819,-0.7349087769786516,-0.7255954295396805,-0.6757604653636614,-0.661684845884641,-0.7223578542470932,-0.7024710203210512,-0.7170885416368643,-0.6952213880916437,-0.6753064145644506,-0.6121877705057462,-0.5866188776368896
Singapore,SGP,1.4622934684157372,1.468418228129546,1.5199787790576618,1.4732342772185802,1.4041565461084247,1.48624062910676,1.4781186829010646,1.4334914634625118,1.4746860563755035,1.5283497621615727,1.4629763861497243,1.4655679166316986,1.4689120836555958,1.5680743791162968,1.5429823597272236,1.5666377693414688,1.5921805823842685,1.6075844715038936,1.6229173764586449,1.6389474247892697
Slovakia,SVK,0.5054946541786194,0.5426379876832167,0.5418423712253571,0.6311286389051626,0.7045173148314158,0.7449094156424204,0.8202155729134878,0.7830869356791178,0.7631706148386002,0.8248085329929987,0.7540786614020666,0.778049369653066,0.7766764859358469,0.7556195134917895,0.7273367047309875,0.7372476855913798,0.6913388048609098,0.7235034282008806,0.710868294040362,0.6731521238883337
Slovenia,SVN,1.1244296828905742,1.1348513960838318,0.8930721084276835,1.0056097706158955,1.0315966506799061,0.9885518749554952,0.9609338839848837,0.9763261874516805,0.9716508189837137,1.029705802599589,1.0323829154173534,0.9390190343062083,0.9524263441562653,0.9086540738741556,0.876261959473292,0.8861598173777262,0.8810925185680389,0.945632646481196,0.9107012947400411,0.9418880939483643
Solomon Islands,SLB,NA,0.04648830462247133,-0.6351189762353897,-0.9004774441321691,-0.9549159506956736,-0.6959460331127048,-0.41664564485351246,-0.46576515088478726,-0.5117106152077516,-0.495813484924535,-0.4872245366374652,-0.45568204050262767,-0.4120724683937927,-0.43109184441467124,-0.4251489263260737,-0.3719816009203593,-0.30868910253047943,-0.2720930129289627,-0.20250294357538223,-0.21557652888198695
Somalia,SOM,-2.0216382344563804,-2.009175638357798,-2.0246362686157227,-1.7393987377484639,-2.0140737295150757,-2.1841565569241843,-2.0998480717341104,-2.2197688023249307,-2.3327497243881226,-2.449375808238983,-2.3835521737734475,-2.3138802647590637,-2.2760960857073465,-2.254408876101176,-2.2258240779240928,-2.201752801736196,-2.1078681349754333,-2.1289653380711875,-2.0955103437105813,-2.1152693231900535
South Africa,ZAF,0.47005586947004,0.3725098520517349,0.4190056174993515,0.37030599514643353,0.394011989235878,0.41038108244538307,0.4191281336049239,0.422509990632534,0.3497753863533338,0.319591090704004,0.2751981007556121,0.26680619828402996,0.27353000609825057,0.2131672833735744,0.2501293613264958,0.2076265731205543,0.18695653478304544,0.20984769985079765,0.13591635785996914,0.12815711678316197
South Korea,KOR,0.5560874144236246,0.49384502569834393,0.5981003592411677,0.6941829174757004,0.6758065943916639,0.6942814638217291,0.7760655879974365,0.687866653005282,0.8396926124890646,0.7021508912245432,0.7635254760583242,0.7799757520357767,0.8225071976582209,0.7675945162773132,0.7782491246859232,0.7675536895791689,0.7039695406953493,0.7667176375786463,0.8138783921798071,0.9098839263121287
South Sudan,SSD,NA,NA,NA,NA,NA,NA,NA,NA,NA,NA,NA,NA,-1.480056603749593,-1.3761678735415142,-1.5456050833066304,-1.9021581411361694,-1.8933141628901164,-2.011588712533315,-2.058116594950358,-2.102796037991842
Spain,ESP,1.144270362953345,1.1811288818717003,1.267028068502744,1.2589689393838246,1.1863388704756896,1.0676798609395821,1.100569027165572,0.8765917668739954,0.8851683785518011,0.8938863774140676,0.8438480794429779,0.8721536050240198,0.917037520557642,0.8835647121692697,0.8363439097690085,0.7882556120554606,0.7939144372940063,0.845522532860438,0.797758604089419,0.8081542551517487
Sri Lanka,LKA,-0.3431178027143081,-0.29557642216483754,-0.3639511888225873,-0.09420216021438439,-0.16785540183385214,-0.2731768749654293,-0.3805748149752617,-0.36512307574351627,-0.42982478936513263,-0.49809508708616096,-0.458941491941611,-0.400646697729826,-0.3350852442284425,-0.3285884273548921,-0.33703166494766873,-0.2598207388073206,-0.0958034625897805,-0.06875051573539774,-0.1350898121794065,-0.14520903956145048
St. Kitts & Nevis,KNA,NA,NA,NA,NA,0.4896613632639249,0.4803332140048345,1.0680069824059804,0.9658794005711874,0.8259303271770477,0.8441426654656728,0.8925897975762686,0.850653608640035,0.8382387508948644,0.8348812361558279,0.8456636071205139,0.3547098773221175,0.4848715191086133,0.526982789238294,0.6330202023188273,0.6092388381560644
St. Lucia,LCA,NA,0.3446335469683011,0.6612289523084959,0.42020109792550403,0.574549582398807,0.5226003775993983,1.0537535746892293,0.9524357815583547,0.8435223400592804,0.8500514725844065,0.9072122871875763,0.8878932644923528,0.8947205245494843,0.7804667900005976,0.7892855554819107,0.5308919654538234,0.5656559728085995,0.5829413511479894,0.6222791423400243,0.5749872351686159
St. Vincent & Grenadines,VCT,NA,0.4900805155436198,0.5915174720187982,0.4483373512824376,0.477751649916172,0.5117159908016523,1.0245542228221893,0.8976150949796041,0.7869835297266642,0.8299556076526642,0.8448082506656647,0.8289727121591568,0.8325005819400152,0.8353610386451086,0.8244302670160929,0.6061448355515798,0.5895009267454346,0.5918170660734177,0.5824181462327639,0.5641701444983482
Sudan,SDN,-1.605372130870819,-1.5579667687416077,-1.5072587231794994,-1.356803059577942,-1.5155440767606099,-1.4043917655944824,-1.5852960348129272,-1.4619977275530498,-1.5261018673578899,-1.6188512047131856,-1.538922627766927,-1.5971466104189556,-1.5732769171396892,-1.6092347900072734,-1.6080685059229534,-1.6147549748420715,-1.5981183052062988,-1.6608898242314656,-1.5752873023351033,-1.5789743860562642
Suriname,SUR,-0.12974919006228447,0.012518557099004587,0.06788424557695787,0.05399003873268763,0.07562977572282155,-0.02554694004356861,-0.019220363969604175,-0.11129406404991944,-0.09560095891356468,-0.03516690122584502,-0.07882234950860341,-0.11442651165028413,-0.08647315079967181,-0.07568321485693257,-0.04857315712918838,-0.1038723886013031,-0.11994965622822444,-0.14099297424157461,-0.15389830867449442,-0.19486073280374208
Swaziland,SWZ,-0.4795164614915848,-0.45065851300023496,-0.5483851954340935,-0.4808962419629097,-0.6211809093753496,-0.7508166548019896,-0.8043632010618845,-0.6194363733132681,-0.6287508383393288,-0.5962249077856541,-0.5673828762955964,-0.5502963562806448,-0.6604271431763967,-0.6131784915924072,-0.561117023229599,-0.6007106900215149,-0.6094672729571661,-0.6463764756917953,-0.559069370230039,-0.5629868855079015
Sweden,SWE,1.6977628072102864,1.6885650356610615,1.74351171652476,1.7973848183949788,1.7917903065681458,1.8255275289217632,1.6907767256100972,1.6810263792673747,1.7555530071258545,1.733530839284261,1.7580933372179668,1.754908303419749,1.807589868704478,1.8317085305849712,1.8108210961023967,1.7395275036493938,1.7370508809884389,1.7367607553799946,1.7120399574438732,1.6985497971375783
Switzerland,CHE,1.6857042908668518,1.7696641286214192,1.8309599161148071,1.8034234046936035,1.707322100798289,1.7772641976674397,1.686806897322337,1.7119702100753784,1.7368911902109783,1.713309387365977,1.6970096429189045,1.6953700582186382,1.690232753753662,1.762434184551239,1.73661873737971,1.8379007577896118,1.7864410082499187,1.7824118733406067,1.7781681815783184,1.7870407501856487
Syria,SYR,-0.8423618972301483,-0.8918380110214154,-0.9245941564440727,-0.6957163959741592,-0.823127573976914,-0.8711325774590174,-0.9212320844332377,-1.0521069864432018,-1.0244447886943817,-0.9520242611567179,-0.9106368521849314,-0.9550101856390635,-1.1904183427492778,-1.590761423110962,-1.688405414422353,-1.7713246742884319,-1.8485426306724548,-1.991823136806488,-1.9732458194096882,-1.9732913772265117
Taiwan,TWN,0.7493513325850168,0.8365628719329834,0.8061845401922861,0.8400031924247742,0.8979052801926931,0.9423947334289551,0.8763935267925262,0.7895147204399109,0.7760764161745707,0.8340960542360941,0.8601456880569458,0.9563330809275309,0.9929903844992319,0.9758311907450358,0.9742310444513956,1.0525019963582356,1.0827598869800568,1.1009647349516551,1.1024078925450642,1.1147757470607758
Tajikistan,TJK,-1.6014203230539958,-1.4854652086893718,-1.3347979187965393,-1.1579251289367676,-1.0980303883552551,-1.1715389986832936,-1.1989881594975789,-1.18561985095342,-1.102106233437856,-1.1355384091536205,-1.169555922349294,-1.1505417227745056,-1.128951648871104,-1.1785709659258525,-1.2229637900988262,-1.0209735532601674,-1.0842482149600983,-1.147343824307124,-1.209450622399648,-1.2096191147963207
Tanzania,TZA,-0.547449879348278,-0.4604015996058782,-0.49756649633248645,-0.457776536544164,-0.517297774553299,-0.5082972397406896,-0.4561119427283605,-0.334701436261336,-0.3416416794061661,-0.36000922322273254,-0.33980122581124306,-0.3596676661012073,-0.389890853005151,-0.4158211946487427,-0.4419805631041527,-0.48760347813367844,-0.44574154913425446,-0.4215515926480293,-0.4936150759458542,-0.5492827196915945
Thailand,THA,0.19907429814338684,0.27919765934348106,0.33584897716840106,0.23166634142398834,0.13571415344874063,-0.027827336142460506,-0.04085722379386425,-0.26914891724785167,-0.2763434561590354,-0.31968515117963153,-0.32255056997140247,-0.3526167372862498,-0.27643413841724396,-0.26446133603652316,-0.28853245327870053,-0.30193257083495456,-0.3270822539925575,-0.3162424197265257,-0.26937955679992837,-0.2754326056068142
Togo,TGO,-0.6694639325141907,-0.7645285377899805,-0.7723474055528641,-0.8148808063318332,-0.8801905115445455,-0.9896405041217804,-1.1427085995674133,-1.019615153471629,-0.9650386323531469,-0.9011077135801315,-0.8808677022655805,-0.8804757073521614,-0.8864818612734476,-0.911462073524793,-0.9126296639442444,-0.7923155277967453,-0.744382751484712,-0.648506465057532,-0.8078704873720804,-0.7919409970442454
Tonga,TON,NA,NA,NA,NA,-0.2879759209851424,-0.1806263948480288,-0.204553896561265,-0.27289101512481767,-0.27464375148216885,-0.2597892660026749,-0.2550095667441686,-0.030100063731273014,-0.006662854303916295,-0.027250063916047413,0.0112242236888657,0.09579116975267728,0.022088706493377686,0.11442735294500987,0.1538151577115059,0.25781146188577014
Trinidad & Tobago,TTO,0.48250730087359744,0.5628920346498489,0.42130083839098614,0.3355124332010746,0.31506376154720783,0.25117150073250133,0.2139199230975161,0.14164336149891218,0.16909470533331236,0.15970207750797272,0.1725042387843132,0.1525940497716268,0.19109155361851057,0.15990648046135902,0.13773888473709425,0.11986976241072018,0.12280719727277756,0.12741025537252426,0.10685558492938678,0.09091450336078803
Tunisia,TUN,-0.10930751760800679,-0.08591831816981237,-0.07703871621439855,-0.01639469837148984,-0.008308427718778452,-0.04063712557156881,-0.1495464340162774,-0.06863264242808025,-0.14698095868031183,-0.18561914625267187,-0.1681214318765948,-0.24818519006172815,-0.18047056595484415,-0.2175193652510643,-0.2747379665573438,-0.21794672248264155,-0.22991029794017473,-0.27915694964273524,-0.23391590639948845,-0.20357581662635008
Turkey,TUR,-0.2741553063193957,-0.3274587653577328,-0.15610734714816013,-0.2322084434951345,-0.12282860837876797,-0.13387436978518963,-0.006884508269043484,-0.028157349365452927,-0.020085306217273075,-0.023565591623385746,-0.05610264837741852,-0.044425783989330135,-0.04314589438339075,-0.06746720584730308,-0.08862523858745892,-0.13375604835649332,-0.27252888555328053,-0.4622597675770521,-0.4712138095249732,-0.4762974610396971
Turkmenistan,TKM,-1.0272934834162395,-1.1739759246508281,-1.2141646003195394,-1.3179758489131927,-1.3078475786993902,-1.4727114774286747,-1.4103443287312984,-1.5264362941185634,-1.4098706245422363,-1.3326658407847087,-1.338244840502739,-1.387591818968455,-1.4252647558848064,-1.330156018336614,-1.3557664453983307,-1.2941025532782078,-1.3356865892807643,-1.4311050201455753,-1.4113084971904755,-1.3339228969222556
Tuvalu,TUV,NA,NA,NA,NA,0.37062718470891315,0.40578361228108406,0.45768267785509426,0.3435160641868909,0.2648774857322375,0.20822245379288992,0.2494507630666097,0.20791439712047577,-0.013279418150583902,0.022606293360392254,0.02057267725467682,0.14965632682045302,0.18903375416994095,0.24596614266435304,0.23578435306747755,0.31116467124472064
U.S. Virgin Islands,VIR,NA,NA,NA,NA,NA,0.9025175968805949,0.987783282995224,0.8423468073209127,0.7903277228275934,0.8063318332036337,0.7065344949563345,0.7811278899510702,0.8610594570636749,0.8303980032602946,0.8579219182332357,NA,NA,NA,NA,NA
Uganda,UGA,-0.7396501423791051,-0.5963519265254339,-0.7078464205066363,-0.7238013241440058,-0.6642970032989979,-0.6428861413151026,-0.7084585626920065,-0.5801809405287107,-0.5391867086291313,-0.5643634969989458,-0.6028562088807424,-0.5886770561337471,-0.5758821293711662,-0.5846891899903616,-0.6007456357280413,-0.619339739282926,-0.5933408985535303,-0.5762758776545525,-0.5497700572013855,-0.5912328710158666
Ukraine,UKR,-0.5833330179254214,-0.7109040208160877,-0.7507629245519638,-0.645600289106369,-0.6335250983635584,-0.6394285609324774,-0.5412091414133707,-0.4244686998426914,-0.3976670578122139,-0.43972912554939586,-0.57420010988911,-0.5343633312731981,-0.5831295462946097,-0.5684379786252975,-0.7164078305164973,-0.831745150188605,-0.8267250284552574,-0.7396817732854591,-0.6885290665862461,-0.6777824169645706
United Arab Emirates,ARE,0.4512497973628342,0.42763258703053,0.46201663464307785,0.6903972526391348,0.461116760969162,0.5138833274443945,0.4881987124681473,0.4510415444771449,0.48345665633678436,0.4558775722980499,0.47263461351394653,0.38928402463595074,0.5171238929033279,0.5652200281620026,0.6220462222894033,0.6651534338792165,0.6634303331375122,0.6539334654808044,0.6469254195690155,0.6591446101665497
United Kingdom,GBR,1.627674122651418,1.6652073363463085,1.652520477771759,1.5501535336176555,1.473475456237793,1.487701065838337,1.4036897520224254,1.5228162904580433,1.4842344125111897,1.4392246802647908,1.3154902358849843,1.395349790652593,1.3550513436396916,1.387815107901891,1.4142470409472783,1.461950292189916,1.5157363911469777,1.4346501380205154,1.3858782599369686,1.3336091476182144
United States,USA,1.4122864107290904,1.4766227801640828,1.5347659587860107,1.3972754279772441,1.3282994913558166,1.282750517129898,1.2441748480002086,1.2969208061695099,1.2735978811979294,1.3276787102222443,1.224368194739024,1.2475548138221104,1.2613026201725006,1.277051289876302,1.2347111105918884,1.2315323948860168,1.250100463628769,1.2461632390817006,1.2656035075585048,1.2413747310638428
Uruguay,URY,0.7608038584391276,0.7980880488952001,0.764177531003952,0.770811011393865,0.7049402594566345,0.5622318188349406,0.683893491824468,0.7272308617830276,0.7560866624116898,0.7614662249883016,0.8039750307798386,0.8350833704074224,0.8410333593686422,0.7660768826802572,0.803240641951561,0.8670120338598887,0.8550508519013723,0.8645136008659998,0.8640552858511606,0.863498310248057
Uzbekistan,UZB,-1.2485764225323994,-1.3893942336241405,-1.4164323210716248,-1.3468360702196758,-1.3365482687950134,-1.3903263012568157,-1.5466873447100322,-1.5117664734522502,-1.3896136085192363,-1.2967545290788014,-1.2895208100477855,-1.2972289025783539,-1.2977861662705739,-1.2724457879861195,-1.2514836688836415,-1.1400561680396397,-1.1694347908099492,-1.105402633547783,-1.0200294057528179,-0.94861767689387
Vanuatu,VUT,NA,0.1728406691302856,0.1688134123881658,0.005558436115582784,-0.12351591140031815,-0.05896465480327606,0.3813932538032532,0.35031322405363124,0.2580683355530103,0.24064051608244577,0.24226140975952148,0.21745038529237112,0.19993839412927628,0.21076714992523193,0.243606003622214,0.16856490075588226,-0.012380721668402353,0.04108384375770887,0.10940423087837796,0.09698413809140523
Venezuela,VEN,-0.5228627895315489,-0.513189629962047,-0.603174569706122,-0.9375687291224798,-1.011365885535876,-1.0651371379693348,-1.0324366490046184,-1.1015931963920593,-1.199658493200938,-1.229852130015691,-1.2542918026447296,-1.290665994087855,-1.258421113093694,-1.2591911554336548,-1.3269898494084675,-1.3822590212027233,-1.4327989319960277,-1.5064324140548706,-1.5733221173286438,-1.7466549475987752
Vietnam,VNM,-0.4528738756974538,-0.5029788613319397,-0.48796947797139484,-0.5782575358947118,-0.5724817141890526,-0.5881645505626997,-0.46685970574617386,-0.5451752295096716,-0.5332402760783831,-0.5557802096009254,-0.5288664599259695,-0.5732044329245886,-0.542269396285216,-0.5284780214230219,-0.5025982658068339,-0.4752025759468476,-0.4116274490952492,-0.3254314394046863,-0.3359717094960312,-0.3533618856066217
Yemen,YEM,-0.8627383907636007,-0.9081590672334036,-0.983104795217514,-1.0990570386250813,-0.9946663677692413,-1.0965365866820018,-1.0620820919672649,-1.00538965066274,-1.0012136201063793,-1.1009166936079662,-1.2445512115955353,-1.2781166930993397,-1.3863575160503387,-1.3772432406743367,-1.3464804391066234,-1.5038242638111115,-1.616865913073222,-1.8500935236612956,-1.8909055987993877,-1.9936947623888652
Zambia,ZMB,-0.5794529741009077,-0.39766689389944077,-0.4524130752931039,-0.5024756540854772,-0.42096658051013947,-0.4576915204524994,-0.5178868944446245,-0.4021422440807025,-0.33180144677559537,-0.28159308681885403,-0.33395661413669586,-0.3451942851146062,-0.2686178882916768,-0.17070564130942026,-0.20183119053641954,-0.25586378822724026,-0.24633448819319406,-0.33487657209237415,-0.35834166159232456,-0.3635607411464055
Zimbabwe,ZWE,-0.5422825912634531,-0.6171641399463018,-1.157832493384679,-1.4246542751789093,-1.4079352617263794,-1.4935544927914937,-1.6072287360827129,-1.4592074155807495,-1.549241264661153,-1.594859540462494,-1.5962738990783691,-1.5589846571286519,-1.4828345477581024,-1.4122572441895802,-1.3595758775870006,-1.3178003529707591,-1.2039126952489216,-1.2178337971369426,-1.2180979053179424,-1.1889686286449432
NA,ADO,1.3150595426559448,1.3443446159362793,1.349464972813924,1.368963360786438,1.3681798378626506,1.3768718640009563,1.303461213906606,1.2829333742459614,1.3308160901069641,1.3472627798716228,1.3529525995254517,1.3374883929888408,1.4120391011238098,1.4167765577634175,1.4112175504366558,1.320518175760905,1.3467334409554799,1.3547813196976979,1.4283387859662373,1.4123782912890117
NA,ANT,NA,NA,NA,NA,NA,0.7655849854151408,0.9175797402858734,0.8937112192312876,0.888906349738439,0.8860564231872559,0.754662757118543,0.7670489499966303,0.7997960050900778,0.7748465687036514,0.7084003190199534,NA,NA,NA,NA,NA
NA,KSV,NA,NA,NA,NA,NA,NA,NA,NA,NA,-0.17137690726667643,-0.19637461503346762,-0.5150733416279157,-0.4988443851470947,-0.4695234028622508,-0.46960005816072226,-0.3282203624645869,-0.34281761944293976,-0.30038755635420483,-0.30320312455296516,-0.38677194466193515
NA,ROM,0.025898998292783897,-0.029133689900239308,-0.18187216917673746,-0.0027280201514561972,-0.04394526407122612,-0.014160996302962303,0.00684201717376709,0.10607721284031868,0.10211820031205814,0.1323670040195187,0.141728845735391,0.15079462279876074,0.12253374544282754,0.07038506492972374,0.16083949680129686,0.1808934143433968,0.22596874088048935,0.26294752303510904,0.20766889676451683,0.15214300093551478
NA,TMP,NA,NA,NA,-0.5355465958515803,-0.5044057071208954,-0.5030014800528685,-0.6875805929303169,-0.9188878492762645,-0.9227888832489649,-0.7804184779524803,-0.7967628911137581,-0.7770238853991032,-0.7519839281837145,-0.7118450676401457,-0.7332446277141571,-0.6248332361380259,-0.6233463535706202,-0.5752373998984694,-0.5052801047762235,-0.4553312659263611
NA,WBG,-0.7229842605690161,-0.7048798942317566,-0.7599204132954279,-0.8492651383082072,-0.7961078335841497,-0.5821755098489424,-0.8336033970117569,-0.8056643307209015,-0.9480189196765423,-1.073707898457845,-0.7152658365666866,-0.544352346410354,-0.7016435886422793,-0.7030796458323797,-0.6600828096270561,-0.6348256344596545,-0.7460852650304636,-0.6891783624887466,-0.5856996923685074,-0.6708330499629179
NA,ZAR,-1.8689170281092327,-2.1003174583117166,-1.929354230562846,-1.616525908311208,-1.6126106182734172,-1.7185174624125164,-1.6469574968020122,-1.5928079684575398,-1.5591800411542256,-1.5265031456947327,-1.6094037890434265,-1.6643887758255005,-1.6574839154879253,-1.613415042559306,-1.5422864158948262,-1.5217759410540264,-1.547877589861552,-1.5693127910296123,-1.667171061038971,-1.657509446144104
